ID,Country,Year,Total_Population,Urban Population,Rural Population,Population Density,Life Expectancy,Birth Rate,Death Rate,Fertility Rate,Infant Mortality Rate,Growth Rate
1,Afghanistan,2017,0,0,0,55,63,37.34,7.03,5.13,49.4,0
2,Afghanistan,2018,36686784,9353296,27333488,56,63,36.93,6.98,5,47.8,3
3,Afghanistan,2019,37769499,9727157,28042342,58,64,36.47,6.79,4.87,46.3,3
4,Afghanistan,2020,38972230,10142913,28829317,60,63,36.05,7.11,4.75,44.8,3
5,Afghanistan,2021,40099462,10551772,29547690,0,62,35.84,7.34,4.64,43.4,3
6,Albania,2017,0,0,0,105,79,10.87,8.15,1.49,8.3,0
7,Albania,2018,2866376,1728969,1137407,105,79,10.52,8.31,1.44,8.3,0
8,Albania,2019,2854191,1747593,1106598,104,79,10.34,8.48,1.41,8.4,0
9,Albania,2020,2837849,1762645,1075204,104,77,10.29,10.79,1.4,8.4,1
10,Albania,2021,2811666,1770478,1041188,0,76,10.24,11.33,1.39,8.4,1
11,Algeria,2017,0,0,0,17,76,24.76,4.54,3.05,21,0
12,Algeria,2018,41927007,30451166,11475841,18,76,24.07,4.48,3.02,20.6,2
13,Algeria,2019,42705368,31255632,11449736,18,76,23.3,4.39,2.99,20.1,2
14,Algeria,2020,43451666,32038217,11413449,18,74,22.43,5.4,2.94,19.6,2
15,Algeria,2021,44177969,32807002,11370967,0,76,21.52,4.55,2.89,19.2,2
16,American Samoa,2018,48424,42203,6221,242,0,0,0,0,0,2
17,American Samoa,2019,47321,41239,6082,237,0,0,0,0,0,2
18,American Samoa,2020,46189,40255,5934,231,0,12.7,5.6,0,0,2
19,American Samoa,2021,45035,39257,5778,0,0,0,0,0,0,3
20,Andorra,2018,75013,66058,8955,160,0,7.2,4.4,0,2.9,2
21,Andorra,2019,76343,67170,9173,162,0,7,3.9,0,2.8,2
22,Andorra,2020,77700,68311,9389,165,0,0,0,0,2.7,2
23,Andorra,2021,79034,69438,9596,0,0,0,0,0,2.6,2
24,Angola,2017,0,0,0,24,62,40.81,8.24,5.6,53.8,0
25,Angola,2018,31273533,20488542,10784991,25,62,40.24,7.99,5.52,52,3
26,Angola,2019,32353588,21410634,10942954,26,62,39.73,7.81,5.44,50.4,3
27,Angola,2020,33428486,22338586,11089900,27,62,39.27,7.82,5.37,48.7,3
28,Angola,2021,34503774,23276246,11227528,0,62,38.81,8.01,5.3,47.2,3
29,Antigua And Barbuda,2017,0,0,0,207,78,11.79,5.75,1.49,6,0
30,Antigua And Barbuda,2018,91626,22539,69087,208,79,10.82,5.79,1.37,5.7,1
31,Antigua And Barbuda,2019,92117,22574,69543,209,79,11.49,5.87,1.47,5.5,1
32,Antigua And Barbuda,2020,92664,22641,70023,211,79,12.16,5.96,1.57,5.3,1
33,Antigua And Barbuda,2021,93219,22727,70492,0,78,12.12,6.37,1.58,5.2,1
34,Argentina,2017,0,0,0,16,77,16.21,7.69,2.17,9.1,0
35,Argentina,2018,44494502,40877099,3617403,16,77,15.19,7.68,2.04,8.4,1
36,Argentina,2019,44938712,41339571,3599141,16,77,14.78,7.6,1.99,7.6,1
37,Argentina,2020,45376763,41796990,3579773,17,76,14.13,8.51,1.91,6.8,1
38,Argentina,2021,45808747,42248949,3559798,0,75,13.9,8.96,1.89,6.1,1
39,Armenia,2017,0,0,0,100,75,13.61,9.66,1.56,11.6,0
40,Armenia,2018,2836557,1791257,1045300,100,75,13.31,9.75,1.57,11.1,1
41,Armenia,2019,2820602,1783156,1037446,99,75,12.89,9.66,1.58,10.5,1
42,Armenia,2020,2805608,1776315,1029293,99,72,12.46,12.79,1.58,10,1
43,Armenia,2021,2790974,1770343,1020631,0,72,12.05,13.01,1.58,9.5,1
44,Aruba,2017,0,0,0,586,76,11.53,8.41,1.84,0,0
45,Aruba,2018,105962,45999,59963,589,76,9.88,8.6,1.59,0,0
46,Aruba,2019,106442,46351,60091,591,76,9.14,8.78,1.49,0,0
47,Aruba,2020,106585,46574,60011,592,76,8.1,9.69,1.33,0,0
48,Aruba,2021,106537,46734,59803,0,75,7.19,11.24,1.18,0,0
49,Australia,2017,0,0,0,3,83,12.6,6.5,1.74,3.2,0
50,Australia,2018,24966643,21474309,3492334,3,83,12.6,6.3,1.74,3.2,2
51,Australia,2019,25340217,21824008,3516209,3,83,12.1,6.7,1.66,3.2,1
52,Australia,2020,25655289,22125378,3529911,3,83,11.5,6.3,1.58,3.2,1
53,Australia,2021,25688079,22184739,3503340,0,83,12.1,6.7,1.7,3.2,0
54,Austria,2017,0,0,0,107,82,10,9.5,1.52,2.9,0
55,Austria,2018,8840521,5153759,3686762,107,82,9.7,9.5,1.47,2.9,0
56,Austria,2019,8879920,5196085,3683835,108,82,9.6,9.4,1.46,2.9,0
57,Austria,2020,8916864,5238479,3678385,108,81,9.4,10.3,1.44,3,0
58,Austria,2021,8955797,5283472,3672325,0,81,9.6,10.3,1.48,3,0
59,Azerbaijan,2017,0,0,0,119,72,14.6,5.8,1.75,20.4,0
60,Azerbaijan,2018,9939771,5534464,4405307,120,73,14,5.8,1.73,19.2,1
61,Azerbaijan,2019,10024283,5616706,4407577,121,73,14.1,5.6,1.81,18.2,1
62,Azerbaijan,2020,10093121,5692217,4400904,122,67,12.5,7.5,1.7,17.4,1
63,Azerbaijan,2021,10137750,5755809,4381941,0,69,11.1,7.6,1.52,16.6,0
64,Bahamas,2017,0,0,0,40,74,11.65,6.84,1.43,11.8,0
65,Bahamas,2018,401906,333682,68224,40,74,11.57,6.94,1.41,11.7,1
66,Bahamas,2019,404557,336316,68241,40,71,11.49,7.94,1.4,15.4,1
67,Bahamas,2020,406471,338367,68104,41,73,11.49,8.08,1.39,11.5,0
68,Bahamas,2021,407906,340051,67855,0,72,11.45,8.99,1.39,11.4,0
69,Bahrain,2017,0,0,0,1868,80,14.51,2.04,2.01,6.2,0
70,Bahrain,2018,1487340,1328001,159339,1907,80,13.82,1.99,1.93,6.1,2
71,Bahrain,2019,1494188,1335714,158474,1908,80,13.2,2,1.86,6.1,0
72,Bahrain,2020,1477469,1322423,155046,1882,79,12.62,2.24,1.83,6,1
73,Bahrain,2021,1463265,1311407,151858,0,79,11.93,2.48,1.81,5.9,1
74,Bangladesh,2017,0,0,0,1243,72,18.5,5.44,2.04,28.1,0
75,Bangladesh,2018,163683958,59960707,103723251,1257,73,18.46,5.24,2.04,26.7,1
76,Bangladesh,2019,165516222,61911343,103604879,1272,73,18.35,5.28,2.03,25.3,1
77,Bangladesh,2020,167420951,63916296,103504655,1286,72,18.05,5.82,2,24.1,1
78,Bangladesh,2021,169356251,65957486,103398765,0,72,17.82,5.68,1.98,22.9,1
79,Barbados,2017,0,0,0,649,77,10.95,8.85,1.62,12.5,0
80,Barbados,2018,279688,87114,192574,650,77,10.91,8.93,1.62,12.1,0
81,Barbados,2019,280180,87298,192882,652,77,10.89,8.91,1.62,11.7,0
82,Barbados,2020,280693,87551,193142,653,77,10.86,8.97,1.63,11.4,0
83,Barbados,2021,281200,87864,193336,0,78,10.83,9.01,1.63,11.1,0
84,Belarus,2017,0,0,0,47,74,10.8,12.6,1.54,2.7,0
85,Belarus,2018,9438785,7418413,2020372,47,74,9.9,12.7,1.45,2.5,0
86,Belarus,2019,9419758,7445754,1974004,46,74,9.3,12.8,1.38,2.4,0
87,Belarus,2020,9379952,7455467,1924485,46,72,9.47,16.55,1.47,2.2,0
88,Belarus,2021,9302585,7433696,1868889,0,72,9.28,16.54,1.48,2.1,1
89,Belgium,2017,0,0,0,376,81,10.5,9.6,1.65,3.4,0
90,Belgium,2018,11427054,11198627,228427,377,82,10.4,9.7,1.62,3.4,0
91,Belgium,2019,11488980,11263911,225069,379,82,10.2,9.5,1.6,3.4,1
92,Belgium,2020,11538604,11316947,221657,381,81,9.9,11,1.55,3.4,0
93,Belgium,2021,11592952,11374657,218295,0,82,10.2,9.7,1.6,3.4,0
94,Belize,2017,0,0,0,16,74,21.13,4.71,2.36,11.8,0
95,Belize,2018,382066,174696,207370,17,74,21.02,4.74,2.35,11.2,2
96,Belize,2019,389095,178462,210633,17,74,18.89,4.73,2.11,10.6,2
97,Belize,2020,394921,181762,213159,17,73,17.88,5.24,2,10.1,1
98,Belize,2021,400031,184818,215213,0,70,17.98,6.35,2.01,9.6,1
99,Benin,2017,0,0,0,103,60,38.68,9.59,5.27,60.8,0
100,Benin,2018,11940683,5649376,6291307,106,60,38.19,9.43,5.2,59.5,3
101,Benin,2019,12290444,5882329,6408115,109,60,37.68,9.25,5.13,58,3
102,Benin,2020,12643123,6121168,6521955,112,60,37.11,9.36,5.05,56.6,3
103,Benin,2021,12996895,6364839,6632056,0,60,36.61,9.43,4.97,55.2,3
104,Bermuda,2017,0,0,0,1183,82,9,7.5,1.4,0,0
105,Bermuda,2018,63918,63918,0,1184,81,8.3,8.3,1.3,0,0
106,Bermuda,2019,63911,63911,0,1184,81,8.2,8.4,1.3,0,0
107,Bermuda,2020,63893,63893,0,1183,81,8.4,8.8,1.4,0,0
108,Bermuda,2021,63764,63764,0,0,79,7.7,11.3,1.3,0,0
109,Bhutan,2017,0,0,0,20,71,14.91,6.94,1.7,25.5,0
110,Bhutan,2018,762096,311659,450437,20,71,13.79,6.77,1.57,24.7,1
111,Bhutan,2019,767459,319355,448104,20,71,12.87,6.63,1.46,23.9,1
112,Bhutan,2020,772506,326894,445612,20,72,12.65,6.55,1.43,23.1,1
113,Bhutan,2021,777486,334381,443105,0,72,12.48,6.48,1.41,22.5,1
114,Bolivia,2017,0,0,0,11,68,22.99,7.11,2.78,23.5,0
115,Bolivia,2018,11606905,8058094,3548811,11,68,22.63,7.12,2.73,22.6,1
116,Bolivia,2019,11777315,8217386,3559929,11,68,22.32,7.13,2.69,21.7,1
117,Bolivia,2020,11936162,8369995,3566167,11,64,22.06,9.3,2.65,20.9,1
118,Bolivia,2021,12079472,8513008,3566464,0,64,21.84,9.95,2.62,20.2,1
119,Bosnia,2017,0,0,0,67,77,9.02,11.84,1.36,5.3,0
120,Bosnia,2018,3400129,1640392,1759737,66,77,9.07,12.06,1.38,5.2,1
121,Bosnia,2019,3360711,1634179,1726532,66,77,8.82,12.27,1.37,5.1,1
122,Bosnia,2020,3318407,1626683,1691724,65,76,8.61,14.09,1.36,5,1
123,Bosnia,2021,3270943,1616664,1654279,0,75,8.42,15.71,1.35,4.8,1
124,Botswana,2017,0,0,0,4,67,25.67,6.31,2.91,32.3,0
125,Botswana,2018,2451409,1702405,749004,4,65,25.33,6.92,2.9,30.9,2
126,Botswana,2019,2499702,1754091,745611,4,65,24.89,6.97,2.88,29.9,2
127,Botswana,2020,2546402,1804813,741589,4,66,24.2,6.95,2.84,29,2
128,Botswana,2021,2588423,1852275,736148,0,61,23.58,9.46,2.79,28.3,2
129,Brazil,2017,0,0,0,25,75,14.16,6.49,1.74,13.8,0
130,Brazil,2018,210166592,181939117,28227475,25,75,14.13,6.52,1.75,13.5,1
131,Brazil,2019,211782878,183878366,27904512,25,75,13.63,6.57,1.7,13.4,1
132,Brazil,2020,213196304,185636418,27559886,26,74,13.08,7.42,1.65,13.1,1
133,Brazil,2021,214326223,187143228,27182995,0,73,12.88,8.33,1.64,12.9,1
134,British Virgin Islands,2017,0,0,0,200,75,6.85,6.14,0.87,11.3,0
135,British Virgin Islands,2018,30335,14477,15858,202,76,7.11,5.99,0.92,10.9,1
136,British Virgin Islands,2019,30610,14728,15882,204,76,7.29,6.16,0.95,10.6,1
137,British Virgin Islands,2020,30910,14996,15914,206,76,7.45,6.38,0.98,10.3,1
138,British Virgin Islands,2021,31122,15225,15897,0,74,7.63,7.61,1.01,9.9,1
139,Brunei,2017,0,0,0,82,75,15.54,4.56,1.88,9.2,0
140,Brunei,2018,434274,337123,97151,82,75,15.05,4.7,1.85,9.4,1
141,Brunei,2019,438048,341423,96625,83,75,14.59,4.83,1.82,9.5,1
142,Brunei,2020,441725,345650,96075,84,75,14.17,4.98,1.8,9.6,1
143,Brunei,2021,445373,349858,95515,0,75,13.8,5.21,1.78,9.6,1
144,Bulgaria,2017,0,0,0,65,75,9,15.5,1.56,6.1,0
145,Bulgaria,2018,7025037,5269340,1755697,65,75,8.9,15.4,1.56,5.8,1
146,Bulgaria,2019,6975761,5256027,1719734,64,75,8.8,15.5,1.58,5.6,1
147,Bulgaria,2020,6934015,5248079,1685936,64,74,8.5,18,1.56,5.4,1
148,Bulgaria,2021,6877743,5228804,1648939,0,72,8.5,21.7,1.58,5.3,1
149,Burkina Faso,2017,0,0,0,72,60,37.9,9.11,5.16,56.9,0
150,Burkina Faso,2018,20392723,5986896,14405827,75,60,37.29,8.81,5.07,55.6,3
151,Burkina Faso,2019,20951639,6281301,14670338,77,60,36.69,8.75,4.97,54.2,3
152,Burkina Faso,2020,21522626,6587430,14935196,79,60,36.09,8.81,4.87,53,3
153,Burkina Faso,2021,22100683,6904253,15196430,0,59,35.54,8.96,4.77,51.8,3
154,Burundi,2017,0,0,0,434,62,38.12,7.77,5.48,42.9,0
155,Burundi,2018,11493472,1497829,9995643,448,62,37.01,7.65,5.38,41.3,3
156,Burundi,2019,11874838,1587191,10287647,462,62,36.32,7.35,5.27,40,3
157,Burundi,2020,12220227,1675149,10545078,476,62,35.6,7.56,5.18,38.8,3
158,Burundi,2021,12551213,1764450,10786763,0,62,34.84,7.47,5.08,37.6,3
159,Cabo Verde,2017,0,0,0,140,77,19.01,4.87,2.09,14.6,0
160,Cabo Verde,2018,571202,375462,195740,142,76,17.82,5.28,1.96,13.7,1
161,Cabo Verde,2019,577030,381965,195065,143,76,17.46,5.16,1.93,12.9,1
162,Cabo Verde,2020,582640,388341,194299,145,75,17.16,5.69,1.91,12.2,1
163,Cabo Verde,2021,587925,394509,193416,0,74,16.95,6.03,1.9,11.7,1
164,Cambodia,2017,0,0,0,90,71,21.35,5.78,2.47,24.9,0
165,Cambodia,2018,16025238,3747983,12277255,91,71,20.81,5.87,2.44,23.9,1
166,Cambodia,2019,16207746,3858254,12349492,92,71,20.28,5.95,2.4,23,1
167,Cambodia,2020,16396860,3973287,12423573,93,70,19.85,6.23,2.38,22.1,1
168,Cambodia,2021,16589023,4092180,12496843,0,70,19.33,6.84,2.34,21.3,1
169,Cameroon,2017,0,0,0,52,61,37.4,8.59,4.77,53.2,0
170,Cameroon,2018,25076747,14136765,10939982,53,61,36.72,8.38,4.69,51.5,3
171,Cameroon,2019,25782341,14687684,11094657,55,62,36.15,8.16,4.62,50.1,3
172,Cameroon,2020,26491087,15248270,11242817,56,61,35.51,8.42,4.54,48.5,3
173,Cameroon,2021,27198628,15815458,11383170,0,60,34.94,8.58,4.46,47,3
174,Canada,2017,0,0,0,4,82,10.3,7.5,1.55,4.6,0
175,Canada,2018,37065084,30175056,6890028,4,82,10.1,7.7,1.51,4.6,1
176,Canada,2019,37601230,30638234,6962996,4,82,9.9,7.6,1.47,4.5,1
177,Canada,2020,38007166,30999405,7007761,4,82,9.5,8.1,1.41,4.5,1
178,Canada,2021,38226498,31213082,7013416,0,83,9.6,7.8,1.43,4.4,1
179,Cayman Islands,2018,64884,64884,0,270,0,9.9,3.3,0,0,2
180,Cayman Islands,2019,66134,66134,0,276,0,9.8,3.9,0,0,2
181,Cayman Islands,2020,67311,67311,0,280,0,12.6,3.3,0,0,2
182,Cayman Islands,2021,68136,68136,0,0,0,12.4,4,0,0,1
183,Central African Republic,2017,0,0,0,8,54,41.6,11.54,6.05,81.7,0
184,Central African Republic,2018,5094780,2107405,2987375,8,54,41.83,11.23,6.04,80.3,2
185,Central African Republic,2019,5209324,2175935,3033389,8,55,41.92,10.87,6.01,78.6,2
186,Central African Republic,2020,5343020,2254648,3088372,9,55,42.18,11.04,5.99,77.2,3
187,Central African Republic,2021,5457154,2327367,3129787,0,54,42.68,11.39,5.98,75.4,2
188,Chad,2017,0,0,0,12,52,44.81,13.04,6.54,72.7,0
189,Chad,2018,15604210,3598175,12006035,12,53,44.37,12.67,6.46,71,3
190,Chad,2019,16126866,3754173,12372693,13,53,44.23,12.37,6.41,69.3,3
191,Chad,2020,16644701,3914834,12729867,13,53,43.85,12.49,6.35,67.6,3
192,Chad,2021,17179740,4085514,13094226,0,53,43.36,12.5,6.26,66,3
193,Channel Islands,2018,167259,51706,115553,0,81,9.66,8.72,1.44,0,1
194,Channel Islands,2019,169410,52400,117010,0,81,9.83,8.55,1.44,0,1
195,Channel Islands,2020,171113,52982,118131,0,81,10.01,8.47,1.45,0,1
196,Channel Islands,2021,172683,53552,119131,0,81,10.12,8.45,1.46,0,1
197,Chile,2017,0,0,0,25,80,12.13,6.14,1.6,6.5,0
198,Chile,2018,18701450,16375738,2325712,25,80,11.94,6.33,1.56,6.3,2
199,Chile,2019,19039485,16686776,2352709,26,80,11.86,6.35,1.55,6.1,2
200,Chile,2020,19300315,16931587,2368728,26,79,11.83,7.22,1.54,5.9,1
201,Chile,2021,19493184,17118329,2374855,0,79,11.79,7.43,1.54,5.6,1
202,China,2017,0,0,0,148,77,12.64,7.06,1.81,7,0
203,China,2018,1402760000,829760595,572999405,149,78,10.86,7.08,1.55,6.4,0
204,China,2019,1407745000,848982855,558762145,149,78,10.41,7.09,1.5,5.9,0
205,China,2020,1411100000,866810508,544289492,150,78,8.52,7.07,1.28,5.5,0
206,China,2021,1412360000,882894483,529465517,0,78,7.52,7.18,1.16,5.1,0
207,Colombia,2017,0,0,0,44,77,15.08,5.25,1.82,12.6,0
208,Colombia,2018,49276961,39804944,9472017,44,77,14.84,5.31,1.79,12.2,2
209,Colombia,2019,50187406,40703994,9483412,45,77,14.68,5.41,1.77,11.8,2
210,Colombia,2020,50930662,41470292,9460370,46,75,14.44,6.61,1.74,11.4,1
211,Colombia,2021,51516562,42109638,9406924,0,73,14.2,7.74,1.72,11.1,1
212,Comoros,2017,0,0,0,409,64,31.33,8.33,4.28,44.3,0
213,Comoros,2018,776313,224859,551454,417,64,30.86,8.24,4.2,42.9,2
214,Comoros,2019,790986,230683,560303,425,64,30.4,8.2,4.13,41.6,2
215,Comoros,2020,806166,236852,569314,433,64,29.9,8.27,4.05,40.4,2
216,Comoros,2021,821625,243308,578317,0,63,29.4,8.72,3.98,39.3,2
217,Costa Rica,2017,0,0,0,98,79,13.93,5.18,1.74,7.5,0
218,Costa Rica,2018,5040734,3999318,1041416,99,79,13.56,5.28,1.71,7.4,1
219,Costa Rica,2019,5084532,4071490,1013042,100,79,12.85,5.47,1.63,7.2,1
220,Costa Rica,2020,5123105,4137983,985122,100,79,12.15,5.63,1.56,6.7,1
221,Costa Rica,2021,5153957,4196609,957348,0,77,11.87,7.19,1.53,6.2,1
222,Croatia,2017,0,0,0,74,78,8.9,13,1.42,4.1,0
223,Croatia,2018,4087843,2327904,1759939,73,78,9,12.9,1.47,4,1
224,Croatia,2019,4065253,2327032,1738221,73,78,8.9,12.7,1.47,4,1
225,Croatia,2020,4047680,2329561,1718119,72,78,8.9,14.1,1.48,4,0
226,Croatia,2021,3879000,2245088,1633912,0,76,9.4,16.2,1.62,3.9,4
227,Cuba,2017,0,0,0,109,78,10.18,9.62,1.59,4.3,0
228,Cuba,2018,11328244,8726939,2601305,109,77,10.35,9.82,1.63,4.2,0
229,Cuba,2019,11316697,8726192,2590505,109,78,9.75,9.86,1.55,4.2,0
230,Cuba,2020,11300698,8723461,2577237,109,78,9.34,10.23,1.5,4.1,0
231,Cuba,2021,11256372,8700275,2556097,0,74,8.92,14.65,1.44,4,0
232,Curacao,2017,0,0,0,361,78,9.7,8.9,1.5,0,0
233,Curacao,2018,159336,142040,17296,359,0,10.5,8.8,1.7,0,1
234,Curacao,2019,157441,140277,17164,355,0,10.1,8.8,1.6,0,1
235,Curacao,2020,154947,137999,16948,349,0,8.7,9.3,1.4,0,2
236,Curacao,2021,152369,135666,16703,0,0,8.6,11.1,1.38,0,2
237,Cyprus,2017,0,0,0,131,81,10.99,6.45,1.32,2.3,0
238,Cyprus,2018,1218831,814301,404530,132,81,10.84,6.61,1.32,2.3,1
239,Cyprus,2019,1228836,820924,407912,133,81,10.79,6.77,1.33,2.3,1
240,Cyprus,2020,1237537,826935,410602,134,81,10.58,6.93,1.33,2.3,1
241,Cyprus,2021,1244188,831814,412374,0,81,10.31,7.26,1.32,2.3,1
242,Czech Republic,2017,0,0,0,137,79,10.8,10.5,1.69,2.6,0
243,Czech Republic,2018,10629928,7844036,2785892,138,79,10.7,10.6,1.71,2.5,0
244,Czech Republic,2019,10671870,7888753,2783117,138,79,10.5,10.5,1.71,2.4,0
245,Czech Republic,2020,10697858,7922941,2774917,139,78,10.3,12.1,1.71,2.3,0
246,Czech Republic,2021,10505772,7796754,2709018,0,77,10.6,13.3,1.83,2.2,2
247,Democratic Republic Of Congo,2017,0,0,0,37,59,43.25,9.87,6.35,69.5,0
248,Democratic Republic Of Congo,2018,87087355,38719038,48368317,38,60,42.99,9.57,6.3,67.6,3
249,Democratic Republic Of Congo,2019,89906890,40499458,49407432,40,60,42.66,9.38,6.25,65.9,3
250,Democratic Republic Of Congo,2020,92853164,42376327,50476837,41,60,42.31,9.54,6.21,64.1,3
251,Democratic Republic Of Congo,2021,95894118,44336645,51557473,0,59,42.05,9.7,6.16,62.4,3
252,Denmark,2017,0,0,0,144,81,10.6,9.2,1.75,3.4,0
253,Denmark,2018,5793636,5091100,702536,145,81,10.6,9.5,1.73,3.3,0
254,Denmark,2019,5814422,5116342,698080,145,81,10.5,9.3,1.7,3.3,0
255,Denmark,2020,5831404,5138400,693004,146,82,10.4,9.4,1.68,3.2,0
256,Denmark,2021,5856733,5167981,688752,0,81,10.8,9.8,1.72,3.1,0
257,Djibouti,2017,0,0,0,45,63,23.28,8.37,2.97,51.7,0
258,Djibouti,2018,1057198,822257,234941,46,63,22.98,8.35,2.93,50.3,2
259,Djibouti,2019,1073994,836802,237192,46,63,22.75,8.42,2.89,48.7,2
260,Djibouti,2020,1090156,850998,239158,47,63,22.48,8.82,2.85,47.2,1
261,Djibouti,2021,1105557,864734,240823,0,62,22.21,9.15,2.8,45.9,1
262,Dominica,2017,0,0,0,94,68,13.13,11.46,1.63,29.8,0
263,Dominica,2018,70823,49918,20905,94,74,13.19,8.42,1.62,30.7,1
264,Dominica,2019,71428,50561,20867,95,74,13.27,8.37,1.61,31.3,1
265,Dominica,2020,71995,51181,20814,96,74,13.3,8.18,1.6,31.7,1
266,Dominica,2021,72412,51699,20713,0,73,13.33,8.99,1.6,32,1
267,Dominican Republic,2017,0,0,0,220,73,19.99,6.03,2.39,28.8,0
268,Dominican Republic,2018,10765531,8728047,2037484,223,73,19.76,6.06,2.38,28.6,1
269,Dominican Republic,2019,10881882,8904426,1977456,225,74,19.29,6.01,2.34,28.3,1
270,Dominican Republic,2020,10999664,9079123,1920541,228,73,18.78,6.46,2.3,27.8,1
271,Dominican Republic,2021,11117873,9251516,1866357,0,73,18.43,6.68,2.27,27.3,1
272,Ecuador,2017,0,0,0,67,77,18,4.87,2.17,12.4,0
273,Ecuador,2018,17015672,10859572,6156100,69,77,17.66,4.91,2.13,12,2
274,Ecuador,2019,17343740,11097565,6246175,70,77,17.34,4.91,2.09,11.5,2
275,Ecuador,2020,17588595,11285898,6302697,71,72,17.04,7.53,2.05,11.1,1
276,Ecuador,2021,17797737,11454802,6342935,0,74,16.82,6.72,2.03,10.7,1
277,Egypt,2017,0,0,0,102,71,25.23,5.48,3.15,18.6,0
278,Egypt,2018,103740765,44301456,59439309,104,71,24.56,5.51,3.1,17.9,2
279,Egypt,2019,105618671,45130858,60487813,106,71,23.57,5.58,3,17.3,2
280,Egypt,2020,107465134,45976808,61488326,108,71,23.05,5.85,2.96,16.8,2
281,Egypt,2021,109262178,46831955,62430223,0,70,22.56,6.33,2.92,16.2,2
282,El Salvador,2017,0,0,0,302,72,16.97,6.86,1.9,12.3,0
283,El Salvador,2018,6276342,4520410,1755932,303,73,16.54,6.94,1.85,11.9,0
284,El Salvador,2019,6280217,4568607,1711610,303,73,16.42,7.45,1.84,11.5,0
285,El Salvador,2020,6292731,4621633,1671098,304,71,16.19,8.44,1.82,11.1,0
286,El Salvador,2021,6314167,4679934,1634233,0,71,16.03,8.66,1.8,10.7,0
287,Equatorial Guinea,2017,0,0,0,52,61,33.51,9.1,4.6,64.1,0
288,Equatorial Guinea,2018,1502091,1083654,418437,54,61,32.67,8.85,4.51,62.2,3
289,Equatorial Guinea,2019,1553031,1127920,425111,55,62,31.87,8.58,4.43,60.4,3
290,Equatorial Guinea,2020,1596049,1166712,429337,57,61,31.17,9.03,4.35,58.8,3
291,Equatorial Guinea,2021,1634466,1202330,432136,0,61,30.5,9.04,4.27,57.2,2
292,Eritrea,2017,0,0,0,28,67,29.42,6.5,4.11,32.2,0
293,Eritrea,2018,3445374,1380906,2064468,28,67,29.11,6.35,4.06,31.4,1
294,Eritrea,2019,3498818,1424439,2074379,29,67,28.94,6.31,4,30.5,2
295,Eritrea,2020,3555868,1470245,2085623,29,67,28.71,6.42,3.93,29.7,2
296,Eritrea,2021,3620312,1519988,2100324,0,67,28.62,6.73,3.87,28.9,2
297,Estonia,2017,0,0,0,31,78,10.5,11.8,1.59,2.1,0
298,Estonia,2018,1321977,910578,411399,31,78,10.9,11.9,1.67,1.9,0
299,Estonia,2019,1326898,916236,410662,31,79,10.6,11.6,1.66,1.8,0
300,Estonia,2020,1329522,920415,409107,31,79,9.9,11.9,1.58,1.7,0
301,Estonia,2021,1330932,923866,407066,0,77,10,14,1.61,1.6,0
302,Eswatini,2017,0,0,0,67,58,26.41,9.94,3.02,49,0
303,Eswatini,2018,1160428,276170,884258,67,59,25.72,9.32,2.96,45.4,1
304,Eswatini,2019,1169613,280485,889128,68,61,25.12,8.92,2.92,43.9,1
305,Eswatini,2020,1180655,285376,895279,69,60,24.62,9.6,2.89,44.2,1
306,Eswatini,2021,1192271,290545,901726,0,57,24.13,11.36,2.84,41.5,1
307,Ethiopia,2017,0,0,0,96,65,33.06,6.77,4.39,39.6,0
308,Ethiopia,2018,111129438,23073805,88055633,98,65,33,6.57,4.34,38,3
309,Ethiopia,2019,114120594,24222096,89898498,101,66,33.12,6.44,4.32,36.6,3
310,Ethiopia,2020,117190911,25424568,91766343,104,65,32.78,6.62,4.24,35.4,3
311,Ethiopia,2021,120283026,26671558,93611468,0,65,32.38,6.78,4.16,34.3,3
312,Faroe Islands,2017,0,0,0,36,82,13.1,8.9,2.48,0,0
313,Faroe Islands,2018,50955,21434,29521,37,83,13.4,7.7,2.5,0,1
314,Faroe Islands,2019,51681,21822,29859,37,83,13.2,8,2.41,0,1
315,Faroe Islands,2020,52415,22223,30192,38,83,12.9,7,2.32,0,1
316,Faroe Islands,2021,52889,22522,30367,0,83,12.8,8.1,2.29,0,1
317,Fiji,2017,0,0,0,50,68,20.55,7.7,2.56,21.6,0
318,Fiji,2018,918996,516917,402079,50,68,20.19,7.83,2.53,22.1,0
319,Fiji,2019,918465,521229,397236,50,68,19.96,7.94,2.52,22.6,0
320,Fiji,2020,920422,526914,393508,50,68,19.63,8.08,2.5,23.1,0
321,Fiji,2021,924610,533870,390740,0,67,19.35,8.86,2.48,23.3,0
322,Finland,2017,0,0,0,18,82,9.1,9.8,1.49,1.9,0
323,Finland,2018,5515525,4709266,806259,18,82,8.6,9.9,1.41,1.9,0
324,Finland,2019,5521606,4717991,803615,18,82,8.3,9.8,1.35,1.9,0
325,Finland,2020,5529543,4728699,800844,18,82,8.4,10,1.37,1.8,0
326,Finland,2021,5541017,4742889,798128,0,82,9,10.4,1.46,1.8,0
327,France,2017,0,0,0,122,83,11.5,9.1,1.89,3.3,0
328,France,2018,67158348,54024861,13133487,123,83,11.3,9.1,1.87,3.4,0
329,France,2019,67388001,54388182,12999819,123,83,11.2,9.1,1.86,3.4,0
330,France,2020,67571107,54715704,12855403,123,82,10.9,9.9,1.83,3.4,0
331,France,2021,67749632,55041156,12708476,0,82,10.9,9.7,1.83,3.4,0
332,French Polynesia,2017,0,0,0,85,83,14.02,3.22,1.8,0,0
333,French Polynesia,2018,297606,184022,113584,86,83,13.78,3.31,1.79,0,1
334,French Polynesia,2019,299717,185516,114201,86,83,13.09,3.39,1.71,0,1
335,French Polynesia,2020,301920,187115,114805,87,82,12.92,3.86,1.71,0,1
336,French Polynesia,2021,304032,188701,115331,0,79,12.76,5.38,1.7,0,1
337,Gabon,2017,0,0,0,8,66,29.71,7.05,3.75,33.2,0
338,Gabon,2018,2192012,1959001,233011,9,66,29,6.99,3.68,32.2,2
339,Gabon,2019,2242785,2012698,230087,9,67,28.35,6.86,3.62,31.2,2
340,Gabon,2020,2292573,2065425,227148,9,67,27.7,6.91,3.55,29.8,2
341,Gabon,2021,2341179,2116964,224215,0,66,27.14,7.26,3.49,29.4,2
342,Gambia,2017,0,0,0,235,63,35.74,7.4,5.09,37.7,0
343,Gambia,2018,2444916,1498000,946916,242,63,34.92,7.32,4.97,36.7,3
344,Gambia,2019,2508883,1553776,955107,248,64,34.28,7,4.87,35.8,3
345,Gambia,2020,2573995,1610858,963137,254,63,33.72,7.37,4.78,34.9,3
346,Gambia,2021,2639916,1669008,970908,0,62,33.26,7.54,4.68,34,3
347,Georgia,2017,0,0,0,65,74,14.86,12.6,2.14,8.9,0
348,Georgia,2018,3726549,2184950,1541599,65,73,14.4,12.96,2.11,8.8,0
349,Georgia,2019,3720161,2196346,1523815,65,73,13.45,12.88,2.01,8.6,0
350,Georgia,2020,3722716,2213266,1509450,65,73,12.97,13.98,1.97,8.5,0
351,Georgia,2021,3708610,2220419,1488191,0,72,13.41,15.17,2.08,8.4,0
352,Germany,2017,0,0,0,237,81,9.5,11.3,1.57,3.3,0
353,Germany,2018,82905782,64096118,18809664,237,81,9.5,11.5,1.57,3.2,0
354,Germany,2019,83092962,64294010,18798952,238,81,9.4,11.3,1.54,3.2,0
355,Germany,2020,83160871,64410589,18750282,238,81,9.3,11.9,1.53,3.1,0
356,Germany,2021,83196078,64513567,18682511,0,81,9.6,12.3,1.58,3,0
357,Ghana,2017,0,0,0,133,64,28.98,7.39,3.71,36.7,0
358,Ghana,2018,30870641,17306081,13564560,136,64,29.03,7.37,3.73,35.6,2
359,Ghana,2019,31522290,17875345,13646945,139,65,28.57,7.14,3.68,34.5,2
360,Ghana,2020,32180401,18455138,13725263,141,64,28.04,7.45,3.62,33.5,2
361,Ghana,2021,32833031,19038233,13794798,0,64,27.55,7.63,3.56,32.6,2
362,Gibraltar,2017,0,0,0,3260,82,11.48,8.18,1.9,0,0
363,Gibraltar,2018,32648,32648,0,3265,82,11.24,8.19,1.88,0,0
364,Gibraltar,2019,32685,32685,0,3269,82,11.02,8.28,1.86,0,0
365,Gibraltar,2020,32709,32709,0,3271,82,10.84,8.69,1.86,0,0
366,Gibraltar,2021,32669,32669,0,0,79,10.71,11.55,1.85,0,0
367,Greece,2017,0,0,0,83,81,8.2,11.6,1.35,3.8,0
368,Greece,2018,10732882,8485202,2247680,83,82,8.1,11.2,1.35,3.7,0
369,Greece,2019,10721582,8511650,2209932,83,82,7.8,11.7,1.34,3.5,0
370,Greece,2020,10698599,8528388,2170211,83,81,7.9,12.2,1.39,3.4,0
371,Greece,2021,10641221,8517020,2124201,0,80,8,13.5,1.39,3.3,1
372,Greenland,2017,0,0,0,0,72,15.2,8.9,2.09,0,0
373,Greenland,2018,56023,48637,7386,0,72,14.6,8.7,2,0,0
374,Greenland,2019,56225,48945,7280,0,72,15.1,9.8,2.08,0,0
375,Greenland,2020,56367,49198,7169,0,72,14.8,9.2,2.02,0,0
376,Greenland,2021,56653,49575,7078,0,71,13.4,9.4,1.8,0,1
377,Grenada,2017,0,0,0,356,75,17.19,7.9,2.08,14.5,0
378,Grenada,2018,121838,44193,77645,358,75,16.92,7.96,2.06,14.6,1
379,Grenada,2019,122724,44667,78057,361,75,16.62,8.01,2.04,14.6,1
380,Grenada,2020,123663,45183,78480,364,75,16.29,8.06,2.02,14.6,1
381,Grenada,2021,124610,45724,78886,0,75,15.96,8.15,2,14.4,1
382,Guam,2017,0,0,0,312,77,18,6.13,2.81,0,0
383,Guam,2018,168678,159873,8805,312,77,17.02,6.21,2.67,0,0
384,Guam,2019,168624,159955,8669,312,78,16.62,6.3,2.62,0,0
385,Guam,2020,169231,160665,8566,313,77,16.36,7.18,2.59,0,0
386,Guam,2021,170534,162033,8501,0,77,16.38,7.34,2.57,0,1
387,Guatemala,2017,0,0,0,150,73,24.79,5.02,2.86,22.2,0
388,Guatemala,2018,16346950,8345772,8001178,153,73,23.93,5,2.74,21.5,2
389,Guatemala,2019,16604026,8540945,8063081,155,73,22.86,4.89,2.61,20.8,2
390,Guatemala,2020,16858333,8738685,8119648,157,72,21.82,5.34,2.48,20.2,2
391,Guatemala,2021,17109746,8938987,8170759,0,69,21.12,6.5,2.4,19.6,1
392,Guinea,2017,0,0,0,50,59,36.63,10.12,4.79,69.2,0
393,Guinea,2018,12554864,4537328,8017536,51,59,35.93,9.94,4.67,68,3
394,Guinea,2019,12877539,4700302,8177237,52,60,35.44,9.71,4.58,66.8,3
395,Guinea,2020,13205153,4869400,8335753,54,59,34.94,9.85,4.49,65.4,3
396,Guinea,2021,13531906,5042529,8489377,0,59,34.43,9.99,4.4,63.8,2
397,Guinea0Bissau,2017,0,0,0,67,60,33.29,8.64,4.36,56.3,0
398,Guinea0Bissau,2018,1924955,834660,1090295,68,61,32.66,8.4,4.26,54.6,2
399,Guinea0Bissau,2019,1970457,862607,1107850,70,61,32.09,8.21,4.17,52.9,2
400,Guinea0Bissau,2020,2015828,890915,1124913,72,60,31.61,8.57,4.09,51.5,2
401,Guinea0Bissau,2021,2060721,919432,1141289,0,60,31.09,8.72,4.01,50,2
402,Guyana,2017,0,0,0,4,69,20.96,7.47,2.49,26,0
403,Guyana,2018,785514,208994,576520,4,69,20.77,7.5,2.46,25.3,3
404,Guyana,2019,798753,213179,585574,4,69,20.83,7.44,2.44,24.6,2
405,Guyana,2020,797202,213539,583663,4,68,20.47,8.03,2.42,23.9,0
406,Guyana,2021,804567,216404,588163,0,66,20.3,9.99,2.4,23.2,1
407,Haiti,2017,0,0,0,394,64,24.98,8.01,3.02,50.5,0
408,Haiti,2018,11012421,6087446,4924975,400,64,24.58,8,2.96,49.2,1
409,Haiti,2019,11160438,6271273,4889165,405,64,24.3,7.95,2.92,48,1
410,Haiti,2020,11306801,6454827,4851974,410,64,23.94,8.18,2.87,46.7,1
411,Haiti,2021,11447569,6635469,4812100,0,63,23.5,8.68,2.81,45.4,1
412,Honduras,2017,0,0,0,86,73,22.16,4.22,2.5,16.3,0
413,Honduras,2018,9792850,5591326,4201524,88,73,21.9,4.26,2.46,15.8,2
414,Honduras,2019,9958829,5749232,4209597,89,73,21.63,4.32,2.43,15.2,2
415,Honduras,2020,10121763,5906960,4214803,90,71,21.35,4.95,2.39,14.7,2
416,Honduras,2021,10278345,6062373,4215972,0,70,21.07,5.61,2.36,14.2,2
417,Hong Kong,2017,0,0,0,7041,85,7.6,6.3,1.13,0,0
418,Hong Kong,2018,7452600,7452600,0,7098,85,7.2,6.4,1.08,0,1
419,Hong Kong,2019,7507900,7507900,0,7150,85,7,6.5,1.06,0,1
420,Hong Kong,2020,7481000,7481000,0,7125,85,5.8,6.8,0.88,0,0
421,Hong Kong,2021,7413100,7413100,0,0,85,5,6.9,0.77,0,1
422,Hungary,2017,0,0,0,107,76,9.7,13.5,1.54,3.7,0
423,Hungary,2018,9775564,6974963,2800601,107,76,9.6,13.4,1.55,3.5,0
424,Hungary,2019,9771141,7000436,2770705,107,76,9.5,13.3,1.55,3.4,0
425,Hungary,2020,9750149,7014452,2735697,107,76,9.6,14.5,1.59,3.4,0
426,Hungary,2021,9709891,7014911,2694980,0,74,9.7,16.1,1.59,3.3,0
427,Iceland,2017,0,0,0,3,83,11.9,6.5,1.71,2.1,0
428,Iceland,2018,352721,330898,21823,3,83,12,6.4,1.71,2.1,3
429,Iceland,2019,360563,338406,22157,4,83,12.3,6.3,1.74,2.1,2
430,Iceland,2020,366463,344101,22362,4,83,12.3,6.3,1.72,2.1,2
431,Iceland,2021,372520,349960,22560,0,83,13.1,6.3,1.82,2.1,2
432,India,2017,0,0,0,455,70,17.91,6.59,2.2,31.5,0
433,India,2018,1369003306,465871825,903131481,460,71,17.65,6.64,2.18,29.8,1
434,India,2019,1383112050,476786386,906325664,465,71,17.05,6.71,2.11,28.3,1
435,India,2020,1396387127,487702168,908684959,470,70,16.57,7.35,2.05,26.8,1
436,India,2021,1407563842,498179071,909384771,0,67,16.42,9.45,2.03,25.5,1
437,Indonesia,2017,0,0,0,141,70,17.52,7.58,2.26,21.6,0
438,Indonesia,2018,267066843,147754731,119312112,142,70,17.18,7.5,2.23,20.8,1
439,Indonesia,2019,269582878,150925974,118656904,144,71,16.91,7.54,2.22,20.1,1
440,Indonesia,2020,271857970,153983073,117874897,145,69,16.65,8.96,2.19,19.5,1
441,Indonesia,2021,273753191,156833203,116919988,0,68,16.43,10.07,2.18,18.9,1
442,Iran,2017,0,0,0,52,76,18.61,4.69,2.07,12.4,0
443,Iran,2018,85617562,64125842,21491720,53,76,17.23,4.72,1.97,12,1
444,Iran,2019,86564202,65261618,21302584,53,76,15.12,4.87,1.77,11.6,1
445,Iran,2020,87290193,66230561,21059632,54,75,14.23,5.57,1.71,11.2,1
446,Iran,2021,87923432,67125144,20798288,0,74,13.7,6.44,1.69,10.9,1
447,Iraq,2017,0,0,0,91,70,28.92,4.64,3.73,23.4,0
448,Iraq,2018,40590700,28605484,11985216,93,72,28.43,4.28,3.66,22.7,2
449,Iraq,2019,41563520,29376265,12187255,96,72,28.08,4.3,3.6,22.1,2
450,Iraq,2020,42556984,30169923,12387061,98,69,27.73,5.24,3.55,21.4,2
451,Iraq,2021,43533592,30960655,12572937,0,70,27.37,4.75,3.5,20.7,2
452,Ireland,2017,0,0,0,70,82,12.9,6.3,1.77,3,0
453,Ireland,2018,4867316,3074684,1792632,71,82,12.5,6.4,1.75,2.9,1
454,Ireland,2019,4934340,3128618,1805722,72,83,12,6.3,1.71,2.9,1
455,Ireland,2020,4985382,3173345,1812037,72,83,11.2,6.5,1.63,2.8,1
456,Ireland,2021,5033165,3216796,1816369,0,82,11.6,6.6,1.72,2.7,1
457,Isle Of Man,2017,0,0,0,147,80,9.25,10.02,1.68,0,0
458,Isle Of Man,2018,83775,44056,39719,147,81,8.94,10.05,1.62,0,0
459,Isle Of Man,2019,83933,44262,39671,147,81,8.89,10.09,1.61,0,0
460,Isle Of Man,2020,84046,44459,39587,147,81,8.61,10.41,1.57,0,0
461,Isle Of Man,2021,84263,44723,39540,0,81,8.53,10.6,1.56,0,0
462,Israel,2017,0,0,0,403,83,21.1,5.2,3.11,3,0
463,Israel,2018,8882800,8209306,673494,410,83,20.8,5,3.09,2.9,2
464,Israel,2019,9054000,8375041,678959,418,83,20.1,5.1,3.01,2.8,2
465,Israel,2020,9215100,8531985,683115,426,83,19.2,5.3,2.9,2.8,2
466,Israel,2021,9364700,8678642,686058,0,83,19.7,5.4,3,2.7,2
467,Italy,2017,0,0,0,205,83,7.6,10.7,1.32,2.8,0
468,Italy,2018,60421760,42559879,17861881,204,83,7.3,10.5,1.29,2.7,0
469,Italy,2019,59729081,42249963,17479118,202,83,7,10.6,1.27,2.6,1
470,Italy,2020,59438851,42224765,17214086,201,82,6.8,12.5,1.24,2.4,0
471,Italy,2021,59109668,42172384,16937284,0,83,6.8,12,1.25,2.2,1
472,Jamaica,2017,0,0,0,259,72,12.75,7.15,1.44,12.2,0
473,Jamaica,2018,2811835,1565461,1246374,260,72,12.22,7.32,1.39,11.8,0
474,Jamaica,2019,2813773,1575291,1238482,260,72,11.99,7.48,1.37,11.4,0
475,Jamaica,2020,2820436,1588216,1232220,260,72,11.81,7.58,1.36,11,0
476,Jamaica,2021,2827695,1601946,1225749,0,71,11.71,8.8,1.35,10.7,0
477,Japan,2017,0,0,0,348,84,7.6,10.8,1.43,1.9,0
478,Japan,2018,126811000,116179166,10631834,348,84,7.4,11,1.42,1.9,0
479,Japan,2019,126633000,116119928,10513072,347,84,7,11.2,1.36,1.8,0
480,Japan,2020,126261000,115884871,10376129,346,85,6.8,11.1,1.33,1.8,0
481,Japan,2021,125681593,115459909,10221684,0,84,6.6,11.7,1.3,1.7,0
482,Jordan,2017,0,0,0,115,76,23.38,3.16,3.03,14.2,0
483,Jordan,2018,10459865,9516281,943584,118,76,23,3.15,2.97,13.8,2
484,Jordan,2019,10698683,9757520,941163,120,76,22.6,3.15,2.92,13.4,2
485,Jordan,2020,10928721,9990818,937903,123,75,22.27,3.48,2.87,12.9,2
486,Jordan,2021,11148278,10214721,933557,0,74,21.95,3.87,2.83,12.6,2
487,Kazakhstan,2017,0,0,0,7,73,21.64,7.15,2.75,9.4,0
488,Kazakhstan,2018,18276452,10495801,7780651,7,73,21.77,7.14,2.84,9.1,1
489,Kazakhstan,2019,18513673,10652767,7860906,7,73,21.73,7.19,2.9,9.1,1
490,Kazakhstan,2020,18755666,10816580,7939086,7,71,22.76,8.6,3.13,9.1,1
491,Kazakhstan,2021,19000988,10986561,8014427,0,70,23.5,9.61,3.32,9.1,1
492,Kenya,2017,0,0,0,86,62,29.76,7.29,3.64,31.6,0
493,Kenya,2018,49953304,13502378,36450926,88,63,29.18,7.31,3.58,30.6,2
494,Kenya,2019,50951450,14015215,36936235,90,63,28.46,7.29,3.47,29.7,2
495,Kenya,2020,51985780,14553419,37432361,91,63,28,7.46,3.4,29,2
496,Kenya,2021,53005614,15102890,37902724,0,61,27.69,8.06,3.34,28,2
497,Kiribati,2017,0,0,0,149,67,28.62,6.43,3.43,42.6,0
498,Kiribati,2018,122261,66091,56170,151,67,28.46,6.35,3.41,41.5,2
499,Kiribati,2019,124241,68128,56113,153,67,28.06,6.25,3.37,40.4,2
500,Kiribati,2020,126463,70306,56157,156,67,27.65,6.24,3.33,39.4,2
501,Kiribati,2021,128874,72601,56273,0,67,27.21,6.24,3.3,38.3,2
502,Kosovo,2017,0,0,0,0,79,12.62,5.26,1.65,11.5,0
503,Kosovo,2018,1797085,0,0,0,79,12.09,5.51,1.61,10.8,0
504,Kosovo,2019,1788878,0,0,0,79,11.44,5.56,1.55,10.1,0
505,Kosovo,2020,1790133,0,0,0,77,11.18,7.51,1.53,9.6,0
506,Kosovo,2021,1786038,0,0,0,77,11.14,7.22,1.52,9.1,0
507,Kuwait,2017,0,0,0,231,80,14.39,1.91,2.16,7.6,0
508,Kuwait,2018,4317185,4317185,0,242,80,13.44,2.05,2.17,7.6,5
509,Kuwait,2019,4441100,4441100,0,249,80,12.44,2.19,2.16,7.6,3
510,Kuwait,2020,4360444,4360444,0,245,77,11.8,3.25,2.14,7.5,2
511,Kuwait,2021,4250114,4250114,0,0,79,10.41,2.91,2.11,7.5,3
512,Kyrgyz Republic,2017,0,0,0,32,71,24.8,5.4,3,17.8,0
513,Kyrgyz Republic,2018,6322800,2298401,4024399,33,71,27.1,5.2,3.3,17,2
514,Kyrgyz Republic,2019,6456200,2362388,4093812,34,72,26.9,5.2,3.3,16.3,2
515,Kyrgyz Republic,2020,6579900,2425088,4154812,34,72,24,6.1,3,15.9,2
516,Kyrgyz Republic,2021,6691800,2485736,4206064,0,72,22.4,5.8,2.89,15.6,2
517,Lao PDR,2017,0,0,0,30,67,23.72,6.91,2.67,39.1,0
518,Lao PDR,2018,7105006,2487036,4617970,31,68,23.24,6.76,2.62,37.7,2
519,Lao PDR,2019,7212053,2570736,4641317,31,68,22.79,6.51,2.57,36.6,1
520,Lao PDR,2020,7319399,2656210,4663189,32,68,22.45,6.37,2.54,35.4,1
521,Lao PDR,2021,7425057,2742742,4682315,0,68,21.97,6.61,2.5,34.2,1
522,Latvia,2017,0,0,0,31,75,10.7,14.8,1.69,3.8,0
523,Latvia,2018,1927174,1313215,613959,31,75,10,15,1.6,3.6,1
524,Latvia,2019,1913822,1305648,608174,31,75,9.8,14.5,1.61,3.4,1
525,Latvia,2020,1900449,1298292,602157,31,75,9.2,15.2,1.55,3.3,1
526,Latvia,2021,1884490,1289387,595103,0,73,9.2,18.4,1.57,3.2,1
527,Lebanon,2017,0,0,0,597,80,16.9,4.5,2.17,7.7,0
528,Lebanon,2018,5950839,5272027,678812,582,80,16.31,4.7,2.15,7.6,3
529,Lebanon,2019,5781907,5131905,650002,565,79,15.82,5.18,2.13,7.4,3
530,Lebanon,2020,5662923,5035754,627169,554,78,15.33,6.25,2.1,7.2,2
531,Lebanon,2021,5592631,4982643,609988,0,75,14.95,8.27,2.09,7.1,1
532,Lesotho,2017,0,0,0,71,53,27.72,13.65,3.19,62,0
533,Lesotho,2018,2198017,618808,1579209,72,54,27.26,13.26,3.14,60.8,1
534,Lesotho,2019,2225702,636217,1589485,73,54,26.84,13.01,3.09,60,1
535,Lesotho,2020,2254100,654320,1599780,74,55,26.38,12.86,3.05,58.4,1
536,Lesotho,2021,2281454,672573,1608881,0,53,26.11,14.19,3.02,57,1
537,Liberia,2017,0,0,0,50,61,33.15,8.95,4.4,62.1,0
538,Liberia,2018,4889391,2500972,2388419,51,61,32.71,8.79,4.34,60.9,2
539,Liberia,2019,4985289,2573157,2412132,52,61,32.18,8.66,4.26,59.6,2
540,Liberia,2020,5087584,2650072,2437512,53,61,31.71,8.75,4.17,58.2,2
541,Liberia,2021,5193416,2730335,2463081,0,61,31.29,8.84,4.09,56.7,2
542,Libya,2017,0,0,0,4,72,19.9,5.28,2.63,10.6,0
543,Libya,2018,6477793,5188842,1288951,4,73,19.28,5.25,2.58,10.2,2
544,Libya,2019,6569088,5281087,1288001,4,72,18.73,5.45,2.54,9.9,1
545,Libya,2020,6653942,5369132,1284810,4,72,18.3,5.6,2.51,9.5,1
546,Libya,2021,6735277,5455170,1280107,0,72,17.83,6.02,2.46,9.2,1
547,Liechtenstein,2017,0,0,0,237,84,8.9,6.6,1.44,0,0
548,Liechtenstein,2018,38181,5474,32707,239,83,9.9,7.2,1.58,0,1
549,Liechtenstein,2019,38482,5530,32952,241,84,9.2,6.8,1.48,0,1
550,Liechtenstein,2020,38756,5587,33169,242,82,9.1,8.2,1.46,0,1
551,Liechtenstein,2021,39039,5649,33390,0,84,9.6,6.9,1.53,0,1
552,Lithuania,2017,0,0,0,45,75,10.1,14.2,1.63,3.6,0
553,Lithuania,2018,2801543,1896056,905487,45,76,10,14.1,1.63,3.3,1
554,Lithuania,2019,2794137,1895962,898175,45,76,9.8,13.7,1.61,3.1,0
555,Lithuania,2020,2794885,1901807,893078,45,75,9,15.6,1.48,2.9,0
556,Lithuania,2021,2800839,1911545,889294,0,74,8.3,17,1.34,2.7,0
557,Luxembourg,2017,0,0,0,232,82,10.4,7.1,1.39,2.3,0
558,Luxembourg,2018,607950,553119,54831,236,82,10.3,7.1,1.38,2.3,2
559,Luxembourg,2019,620001,565584,54417,241,83,10,6.9,1.34,2.3,2
560,Luxembourg,2020,630419,576537,53882,245,82,10.2,7.3,1.36,2.3,2
561,Luxembourg,2021,640064,586759,53305,0,83,10.5,7,1.38,2.2,2
562,Macao,2017,0,0,0,20734,85,10.88,3.86,1.12,0,0
563,Macao,2018,650991,650991,0,19787,85,10.62,3.86,1.1,0,2
564,Macao,2019,663653,663653,0,20172,85,10.3,3.98,1.08,0,2
565,Macao,2020,676283,676283,0,20556,85,10.13,4.05,1.07,0,2
566,Macao,2021,686607,686607,0,0,85,10.11,4.11,1.09,0,2
567,Madagascar,2017,0,0,0,45,65,32.48,6.79,4.11,45.1,0
568,Madagascar,2018,26846541,9984497,16862044,46,65,32.09,6.74,4.04,45.2,3
569,Madagascar,2019,27533134,10424320,17108814,47,66,31.7,6.52,3.98,45.3,3
570,Madagascar,2020,28225177,10876290,17348887,49,65,31.34,6.8,3.92,45.3,2
571,Madagascar,2021,28915653,11336960,17578693,0,64,30.95,7.1,3.85,45.3,2
572,Malawi,2017,0,0,0,190,63,34.34,7.15,4.22,35.5,0
573,Malawi,2018,18367883,3110968,15256915,195,63,33.93,6.96,4.14,34.2,3
574,Malawi,2019,18867337,3240276,15627061,200,64,33.6,6.61,4.07,33,3
575,Malawi,2020,19377061,3376840,16000221,206,64,33.23,6.71,4,32.1,3
576,Malawi,2021,19889742,3519490,16370252,0,63,32.86,6.98,3.92,31.2,3
577,Malaysia,2017,0,0,0,97,75,16.36,5.13,1.93,6.9,0
578,Malaysia,2018,32399271,24635110,7764161,99,76,15.98,5.18,1.88,6.9,1
579,Malaysia,2019,32804020,25130176,7673844,100,76,15.58,5.25,1.83,6.7,1
580,Malaysia,2020,33199993,25617115,7582878,101,76,15.42,5.31,1.82,6.6,1
581,Malaysia,2021,33573874,26085557,7488317,0,75,15.24,6.03,1.8,6.5,1
582,Maldives,2017,0,0,0,1575,80,16.13,2.78,1.85,7.1,0
583,Maldives,2018,489758,194963,294795,1633,80,15.53,2.83,1.78,6.5,4
584,Maldives,2019,504508,203004,301504,1682,80,15,2.86,1.74,6,3
585,Maldives,2020,514438,209217,305221,1715,80,14.58,3,1.71,5.5,2
586,Maldives,2021,521457,214329,307128,0,80,14.09,3.02,1.69,5.1,1
587,Mali,2017,0,0,0,16,59,43.38,9.64,6.25,67.3,0
588,Mali,2018,19934298,8443371,11490927,16,59,42.9,9.42,6.18,65.9,3
589,Mali,2019,20567424,8871964,11695460,17,60,42.38,9.21,6.1,64.4,3
590,Mali,2020,21224040,9319264,11904776,17,59,42,9.53,6.04,63,3
591,Mali,2021,21904983,9786489,12118494,0,59,41.64,9.27,5.96,61.6,3
592,Malta,2017,0,0,0,1462,82,9.2,7.6,1.26,5.6,0
593,Malta,2018,484630,458518,26112,1514,82,9.2,7.6,1.23,5.5,3
594,Malta,2019,504062,477236,26826,1575,83,8.6,7.3,1.14,5.3,4
595,Malta,2020,515332,488246,27086,1610,82,8.6,7.9,1.13,5.2,2
596,Malta,2021,518536,491624,26912,0,83,8.5,8,1.14,5.1,1
597,Marshall Islands,2017,0,0,0,262,64,22.27,7.1,2.93,27.8,0
598,Marshall Islands,2018,45989,35426,10563,255,65,21.51,7.19,2.88,27.1,3
599,Marshall Islands,2019,44728,34627,10101,248,65,20.74,7.29,2.82,26.3,3
600,Marshall Islands,2020,43413,33773,9640,241,65,20.01,7.43,2.78,25.6,3
601,Marshall Islands,2021,42050,32867,9183,0,65,19.28,7.56,2.73,24.8,3
602,Mauritania,2017,0,0,0,4,65,34.43,7.45,4.66,35.5,0
603,Mauritania,2018,4270712,2292177,1978535,4,65,34.18,7.25,4.61,34.7,3
604,Mauritania,2019,4383849,2389505,1994344,4,66,33.72,7,4.52,33.8,3
605,Mauritania,2020,4498604,2488943,2009661,4,65,33.43,7.47,4.46,33,3
606,Mauritania,2021,4614974,2590523,2024451,0,64,33.19,7.44,4.4,32.2,3
607,Mauritius,2017,0,0,0,623,75,10.7,8,1.44,13.3,0
608,Mauritius,2018,1265577,516267,749310,623,74,10.2,8.5,1.41,13.8,0
609,Mauritius,2019,1265985,516091,749894,624,74,10.2,8.8,1.4,14.5,0
610,Mauritius,2020,1266014,516027,749987,624,74,10.6,8.7,1.44,14.9,0
611,Mauritius,2021,1266334,516348,749986,0,74,10.3,10.5,1.41,15.3,0
612,Mexico,2017,0,0,0,63,74,16.95,6.62,2.04,13.1,0
613,Mexico,2018,124013861,99404550,24609311,64,74,16.47,6.86,2,12.6,1
614,Mexico,2019,125085311,100623628,24461683,64,74,15.71,6.93,1.92,12.2,1
615,Mexico,2020,125998302,101719689,24278613,65,70,15.57,9.33,1.91,11.8,1
616,Mexico,2021,126705138,102651435,24053703,0,70,14.86,9.41,1.82,11.4,1
617,Micronesia,2017,0,0,0,158,71,21.45,5.27,2.89,23.6,0
618,Micronesia,2018,110929,25184,85745,158,71,21.2,5.47,2.84,23,0
619,Micronesia,2019,111379,25408,85971,159,71,21.06,5.73,2.8,22.2,0
620,Micronesia,2020,112106,25709,86397,160,71,20.84,6.07,2.75,21.6,1
621,Micronesia,2021,113131,26097,87034,0,71,20.78,6.21,2.71,21,1
622,Moldova,2017,0,0,0,96,71,13.81,13.09,1.81,13.1,0
623,Moldova,2018,2707203,1154054,1553149,94,70,13.44,13.34,1.81,12.9,2
624,Moldova,2019,2664224,1138316,1525908,93,71,12.89,13.09,1.78,12.7,2
625,Moldova,2020,2635130,1129127,1506003,92,70,12.48,14.45,1.77,12.5,1
626,Moldova,2021,2615199,1124483,1490716,0,69,12.43,16.36,1.81,12.2,1
627,Monaco,2018,37029,37029,0,18268,0,5.9,6.6,0,1,0
628,Monaco,2019,37034,37034,0,18270,0,0,0,0,1,0
629,Monaco,2020,36922,36922,0,18215,0,0,0,0,1,0
630,Monaco,2021,36686,36686,0,0,0,0,0,0,1,1
631,Mongolia,2017,0,0,0,2,70,24.22,5.99,2.89,15.1,0
632,Mongolia,2018,3163991,2165594,998397,2,71,23.84,5.66,2.92,14.4,2
633,Mongolia,2019,3232430,2215604,1016826,2,72,23.29,5.5,2.94,13.8,2
634,Mongolia,2020,3294335,2261792,1032543,2,72,22.41,5.48,2.9,13.2,2
635,Mongolia,2021,3347782,2302772,1045010,0,71,21.41,6.13,2.84,12.7,2
636,Montenegro,2017,0,0,0,46,76,11.9,10.5,1.78,2.8,0
637,Montenegro,2018,622227,415729,206498,46,77,11.7,10.5,1.76,2.5,0
638,Montenegro,2019,622028,417692,204336,46,77,11.6,10.6,1.77,2.3,0
639,Montenegro,2020,621306,419307,201999,46,76,11.4,11.7,1.75,2.1,0
640,Montenegro,2021,619211,419986,199225,0,74,11.4,14.8,1.75,1.9,0
641,Morocco,2017,0,0,0,80,74,19.3,5.64,2.45,18.3,0
642,Morocco,2018,35927511,22437808,13489703,81,74,18.81,5.64,2.42,17.5,1
643,Morocco,2019,36304408,22869599,13434809,81,74,18.34,5.66,2.38,16.7,1
644,Morocco,2020,36688772,23309111,13379661,82,74,17.89,6.07,2.35,16.1,1
645,Morocco,2021,37076584,23753114,13323470,0,74,17.55,6.17,2.33,15.4,1
646,Mozambique,2017,0,0,0,36,60,38.13,8.69,4.92,56.7,0
647,Mozambique,2018,29423878,10589065,18834813,37,61,37.75,8.34,4.85,55.2,3
648,Mozambique,2019,30285595,11062722,19222873,39,61,37.35,8.04,4.78,53.6,3
649,Mozambique,2020,31178239,11559020,19619219,40,61,36.97,8,4.71,52.5,3
650,Mozambique,2021,32077072,12069961,20007111,0,59,36.6,8.79,4.64,51,3
651,Myanmar,2017,0,0,0,80,66,18.13,8.81,2.23,38.1,0
652,Myanmar,2018,52666014,16104740,36561274,81,66,17.87,8.62,2.21,37,1
653,Myanmar,2019,53040212,16363966,36676246,81,67,17.66,8.69,2.2,35.8,1
654,Myanmar,2020,53423198,16636518,36786680,82,67,17.36,8.82,2.17,34.7,1
655,Myanmar,2021,53798084,16918421,36879663,0,66,17.1,9.77,2.15,33.7,1
656,Namibia,2017,0,0,0,3,62,29.5,8.47,3.51,32,0
657,Namibia,2018,2405680,1203610,1202070,3,63,29.01,8.4,3.46,31.5,2
658,Namibia,2019,2446644,1248816,1197828,3,63,28.43,8.25,3.4,30.7,2
659,Namibia,2020,2489098,1295152,1193946,3,63,27.88,8.48,3.35,30,2
660,Namibia,2021,2530151,1341107,1189044,0,59,27.44,10.71,3.3,29.4,2
661,Nauru,2017,0,0,0,584,63,30.38,6.65,3.73,26.1,0
662,Nauru,2018,11924,11924,0,596,63,29.69,6.57,3.67,25.4,2
663,Nauru,2019,12132,12132,0,607,63,29.12,6.48,3.62,24.7,2
664,Nauru,2020,12315,12315,0,616,63,28.36,6.6,3.57,23.9,1
665,Nauru,2021,12511,12511,0,0,64,27.56,6.63,3.52,23.2,2
666,Nepal,2017,0,0,0,197,69,21.38,6.97,2.15,26.6,0
667,Nepal,2018,28506712,5627225,22879487,199,69,21.03,7.04,2.1,25.5,1
668,Nepal,2019,28832496,5810613,23021883,201,70,20.87,6.87,2.08,24.5,1
669,Nepal,2020,29348627,6038773,23309854,205,69,20.64,7.21,2.06,23.6,2
670,Nepal,2021,30034989,6309750,23725239,0,68,20.4,7.78,2.03,22.8,2
671,Netherlands,2017,0,0,0,509,82,9.9,8.8,1.62,3.5,0
672,Netherlands,2018,17231624,15765213,1466411,512,82,9.8,8.9,1.59,3.5,1
673,Netherlands,2019,17344874,15935776,1409098,515,82,9.8,8.8,1.57,3.5,1
674,Netherlands,2020,17441500,16087342,1354158,518,81,9.7,9.7,1.54,3.5,1
675,Netherlands,2021,17533044,16230689,1302355,0,81,10.2,9.8,1.62,3.5,1
676,New Caledonia,2017,0,0,0,15,78,15,5.7,2.04,0,0
677,New Caledonia,2018,271170,191671,79499,15,80,15,5.7,2.06,0,0
678,New Caledonia,2019,271240,192862,78378,15,80,15.2,6,2.1,0,0
679,New Caledonia,2020,272460,194858,77602,15,81,14.6,5.7,2.04,0,0
680,New Caledonia,2021,274660,197549,77111,0,79,14.3,7.2,2.02,0,1
681,New Zealand,2017,0,0,0,18,82,12.38,6.92,1.81,4.3,0
682,New Zealand,2018,4900600,4240881,659719,19,82,11.84,6.78,1.71,4.2,2
683,New Zealand,2019,4979200,4312734,666466,19,82,11.96,6.87,1.72,4.1,2
684,New Zealand,2020,5090200,4413152,677048,19,82,11.32,6.41,1.61,4,2
685,New Zealand,2021,5111400,4436133,675267,0,82,11.48,6.83,1.64,3.9,0
686,Nicaragua,2017,0,0,0,54,74,22.09,4.62,2.43,14.4,0
687,Nicaragua,2018,6572233,3846202,2726031,55,74,21.7,4.61,2.4,13.6,1
688,Nicaragua,2019,6663924,3915722,2748202,55,74,21.31,4.63,2.38,12.8,1
689,Nicaragua,2020,6755895,3986789,2769106,56,72,20.9,5.7,2.35,12.1,1
690,Nicaragua,2021,6850540,4060795,2789745,0,74,20.51,4.86,2.32,11.4,1
691,Niger,2017,0,0,0,17,62,46.35,8.24,7.08,60.6,0
692,Niger,2018,22577058,3708282,18868776,18,62,46.13,8.06,7.02,60.4,4
693,Niger,2019,23443393,3872145,19571248,19,63,45.86,7.82,6.96,60.2,4
694,Niger,2020,24333639,4045711,20287928,19,61,45.59,8.28,6.89,59.9,4
695,Niger,2021,25252722,4230083,21022639,0,62,45.29,8.14,6.82,59.5,4
696,Nigeria,2017,0,0,0,212,52,38.69,13.44,5.52,77.1,0
697,Nigeria,2018,198387623,99876265,98511358,218,53,38.25,13.24,5.45,75.5,2
698,Nigeria,2019,203304492,104004479,99300013,223,53,37.85,12.99,5.38,73.9,2
699,Nigeria,2020,208327405,108242753,100084652,229,53,37.47,13,5.31,72.3,2
700,Nigeria,2021,213401323,112560662,100840661,0,53,37.12,13.08,5.24,70.6,2
701,North Korea,2017,0,0,0,212,73,13.51,8.5,1.86,14.4,0
702,North Korea,2018,25638149,15869758,9768391,213,73,13.49,8.72,1.85,13.7,0
703,North Korea,2019,25755441,16002886,9752555,214,73,13.49,8.88,1.84,13.1,0
704,North Korea,2020,25867467,16136385,9731082,215,73,13.33,9.08,1.82,11.6,0
705,North Korea,2021,25971909,16269323,9702586,0,73,13.24,9.31,1.81,10.1,0
706,North Macedonia,2017,0,0,0,82,76,10.5,9.8,1.43,8.5,0
707,North Macedonia,2018,2076217,1203438,872779,82,77,10.3,9.5,1.42,7.1,0
708,North Macedonia,2019,2076694,1208802,867892,82,77,9.6,9.8,1.34,6,0
709,North Macedonia,2020,2072531,1212058,860473,82,74,9.2,12.4,1.31,5.2,0
710,North Macedonia,2021,2065092,1213985,851107,0,75,10.2,15.5,1.6,4.6,0
711,Northern Mariana Islands,2018,50304,46088,4216,109,0,0,0,0,0,1
712,Northern Mariana Islands,2019,49858,45724,4134,108,0,13.2,4,0,0,1
713,Northern Mariana Islands,2020,49587,45520,4067,108,0,0,0,0,0,1
714,Northern Mariana Islands,2021,49481,45468,4013,0,0,0,0,0,0,0
715,Norway,2017,0,0,0,14,83,10.7,7.7,1.62,2.1,0
716,Norway,2018,5311916,4368945,942971,15,83,10.4,7.7,1.56,2,1
717,Norway,2019,5347896,4418218,929678,15,83,10.2,7.6,1.53,1.9,1
718,Norway,2020,5379475,4463566,915909,15,83,9.8,7.5,1.48,1.8,1
719,Norway,2021,5408320,4506374,901946,0,83,10.4,7.8,1.55,1.8,1
720,Oman,2017,0,0,0,15,78,20.28,2.16,2.94,9.4,0
721,Oman,2018,4601157,3889772,711385,15,78,19.82,2.17,2.88,9.3,1
722,Oman,2019,4602768,3932743,670025,15,78,19.3,2.21,2.78,9.1,0
723,Oman,2020,4543399,3919863,623536,15,75,18.79,3.03,2.69,8.9,1
724,Oman,2021,4520471,3934799,585672,0,73,18.42,3.8,2.62,8.7,1
725,Pakistan,2017,0,0,0,281,66,28.96,6.89,3.76,59,0
726,Pakistan,2018,219731479,80566744,139164735,285,66,28.59,6.84,3.69,57.4,2
727,Pakistan,2019,223293280,82410851,140882429,290,67,28.28,6.77,3.62,55.9,2
728,Pakistan,2020,227196741,84437669,142759072,295,66,27.97,7.06,3.56,54.4,2
729,Pakistan,2021,231402117,86636953,144765164,0,66,27.52,7.17,3.47,52.8,2
730,Palau,2017,0,0,0,39,0,12.4,10.3,0,17.2,0
731,Palau,2018,17864,14279,3585,39,0,14,7.8,0,16.6,0
732,Palau,2019,17916,14417,3499,39,0,11.2,10.2,0,16.2,0
733,Palau,2020,17972,14555,3417,39,0,12.1,8.4,0.85,15.7,0
734,Palau,2021,18024,14686,3338,0,0,13.4,10.2,0,15.1,0
735,Panama,2017,0,0,0,55,78,19.32,4.95,2.49,13.7,0
736,Panama,2018,4165255,2820253,1345002,56,78,18.81,5.01,2.44,13.2,2
737,Panama,2019,4232532,2880619,1351913,57,78,18.23,5.12,2.38,12.8,2
738,Panama,2020,4294396,2937968,1356428,58,77,17.92,5.75,2.34,12.4,1
739,Panama,2021,4351267,2992584,1358683,0,76,17.69,6.07,2.33,11.9,1
740,Papua New Guinea,2017,0,0,0,20,65,27.22,6.51,3.43,38.3,0
741,Papua New Guinea,2018,9329227,1228566,8100661,21,65,26.83,6.53,3.38,37.3,2
742,Papua New Guinea,2019,9542486,1264379,8278107,21,65,26.37,6.47,3.32,36.4,2
743,Papua New Guinea,2020,9749640,1301089,8448551,22,66,26,6.4,3.27,35.4,2
744,Papua New Guinea,2021,9949437,1338796,8610641,0,65,25.51,6.68,3.22,34.4,2
745,Paraguay,2017,0,0,0,16,74,21.96,5.45,2.59,17.7,0
746,Paraguay,2018,6443328,3968124,2475204,16,74,21.66,5.57,2.56,17.1,1
747,Paraguay,2019,6530026,4040715,2489311,16,74,21.28,5.64,2.53,16.6,1
748,Paraguay,2020,6618695,4115703,2502992,17,73,20.95,5.92,2.5,16.1,1
749,Paraguay,2021,6703799,4189606,2514193,0,70,20.63,7.64,2.47,15.6,1
750,Peru,2017,0,0,0,25,76,18.27,6.17,2.28,12.2,0
751,Peru,2018,32203944,25089127,7114817,25,76,18.09,6.1,2.26,11.9,2
752,Peru,2019,32824861,25635888,7188973,26,76,18.04,6.01,2.24,11.6,2
753,Peru,2020,33304756,26076625,7228131,26,74,17.83,7.33,2.22,11.3,1
754,Peru,2021,33715471,26466645,7248826,0,72,17.62,7.99,2.19,11,1
755,Philippines,2017,0,0,0,358,72,22.66,5.67,2.87,22.7,0
756,Philippines,2018,108568836,50926384,57642452,364,72,22.45,5.63,2.83,22.2,2
757,Philippines,2019,110380804,52043445,58337359,370,72,22.25,5.61,2.81,21.6,2
758,Philippines,2020,112190977,53187498,59003479,376,72,22.04,5.57,2.78,21,2
759,Philippines,2021,113880328,54302696,59577632,0,69,21.81,7.31,2.75,20.5,1
760,Poland,2017,0,0,0,124,78,10.6,10.6,1.48,4,0
761,Poland,2018,37974750,22806875,15167875,124,78,10.2,10.9,1.46,3.9,0
762,Poland,2019,37965475,22793332,15172143,124,78,9.9,10.8,1.44,3.8,0
763,Poland,2020,37899070,22755739,15143331,124,77,9.4,12.6,1.39,3.7,0
764,Poland,2021,37747124,22676585,15070539,0,76,8.8,13.8,1.33,3.7,0
765,Portugal,2017,0,0,0,112,81,8.4,10.7,1.38,3,0
766,Portugal,2018,10283822,6706183,3577639,112,81,8.5,11,1.42,2.9,0
767,Portugal,2019,10286263,6764658,3521605,112,82,8.4,10.9,1.43,2.8,0
768,Portugal,2020,10297081,6827994,3469087,112,81,8.2,12,1.41,2.7,0
769,Portugal,2021,10325147,6902258,3422889,0,81,7.7,12.1,1.38,2.5,0
770,Puerto Rico,2017,0,0,0,375,79,7.3,9.22,1.1,0,0
771,Puerto Rico,2018,3193354,2988277,205077,360,80,6.7,9.06,1.04,0,4
772,Puerto Rico,2019,3193694,2988531,205163,360,79,6.4,9.19,0.98,0,0
773,Puerto Rico,2020,3281557,3070914,210643,370,78,6,9.6,0.92,0,3
774,Puerto Rico,2021,3262693,3053620,209073,0,80,5.9,8.6,0.91,0,1
775,Qatar,2017,0,0,0,236,81,10.23,0.99,1.84,5.9,0
776,Qatar,2018,2766732,2742800,23932,241,81,10.6,0.98,1.85,5.5,2
777,Qatar,2019,2807235,2784440,22795,244,81,10.74,0.99,1.83,5.2,1
778,Qatar,2020,2760385,2739268,21117,240,79,10.9,1.22,1.82,4.8,2
779,Qatar,2021,2688235,2668826,19409,0,79,9.82,1.31,1.8,4.5,3
780,Republic Of Congo,2017,0,0,0,16,64,33.03,6.92,4.43,35.7,0
781,Republic Of Congo,2018,5441062,3640941,1800121,16,64,32.34,6.8,4.37,34.8,2
782,Republic Of Congo,2019,5570733,3753170,1817563,16,63,31.68,7.39,4.3,35.9,2
783,Republic Of Congo,2020,5702174,3867728,1834446,17,64,31.16,6.92,4.23,32.9,2
784,Republic Of Congo,2021,5835806,3984863,1850943,0,64,30.69,7.06,4.17,32,2
785,Romania,2017,0,0,0,85,75,10.8,13.4,1.71,6.6,0
786,Romania,2018,19473970,10515554,8958416,85,75,10.8,13.6,1.76,6.1,1
787,Romania,2019,19371648,10476962,8894686,84,76,10.3,13.4,1.77,5.8,1
788,Romania,2020,19265250,10440610,8824640,84,74,10.3,15.5,1.8,5.5,1
789,Romania,2021,19119880,10387640,8732240,0,73,9.3,17.5,1.8,5.3,1
790,Russia,2017,0,0,0,9,72,11.5,12.4,1.62,5.6,0
791,Russia,2018,144477859,107539205,36938654,9,73,10.9,12.5,1.58,5.1,0
792,Russia,2019,144406261,107708298,36697963,9,73,10.1,12.3,1.5,4.7,0
793,Russia,2020,144073139,107700434,36372705,9,71,9.8,14.6,1.51,4.4,0
794,Russia,2021,143449286,107492288,35956998,0,69,9.6,16.7,1.49,4.1,0
795,Rwanda,2017,0,0,0,496,66,31.4,6.37,4.03,32.9,0
796,Rwanda,2018,12531808,2156849,10374959,508,66,31.16,6.23,3.99,32.1,2
797,Rwanda,2019,12835028,2222128,10612900,520,66,30.78,6.14,3.94,31.2,2
798,Rwanda,2020,13146362,2291674,10854688,533,67,30.31,6,3.87,30.4,2
799,Rwanda,2021,13461888,2364984,11096904,0,66,29.98,6.28,3.82,29.7,2
800,Samoa,2017,0,0,0,75,73,28.58,5.29,4.18,15.6,0
801,Samoa,2018,209701,38256,171445,75,73,28.22,5.3,4.11,15.3,1
802,Samoa,2019,211905,38262,173643,76,72,27.9,5.5,4.05,15,1
803,Samoa,2020,214929,38449,176480,77,73,27.62,5.31,4,14.7,1
804,Samoa,2021,218764,38813,179951,0,73,27.25,5.34,3.93,14.4,2
805,San Marino,2018,34156,33209,947,569,0,6.8,7.1,0,1.7,0
806,San Marino,2019,34178,33278,900,570,0,6.7,7.2,0,1.6,0
807,San Marino,2020,34007,33156,851,567,0,6.4,9.9,0,1.6,1
808,San Marino,2021,33745,32942,803,0,0,6.2,9.1,0,1.5,1
809,Sao Tome And Principe,2017,0,0,0,217,68,30.41,5.86,4.14,15.7,0
810,Sao Tome And Principe,2018,211344,153865,57479,220,68,29.54,5.88,4.04,14.5,2
811,Sao Tome And Principe,2019,214599,157941,56658,224,69,28.92,5.88,3.96,13.6,2
812,Sao Tome And Principe,2020,218641,162568,56073,228,68,28.44,6.29,3.89,12.8,2
813,Sao Tome And Principe,2021,223107,167493,55614,0,68,28.26,6.39,3.82,12.1,2
814,Saudi Arabia,2017,0,0,0,16,77,18.9,2.64,2.58,6.9,0
815,Saudi Arabia,2018,35018133,29360603,5657530,16,77,18.7,2.66,2.55,6.6,2
816,Saudi Arabia,2019,35827362,30118272,5709090,17,77,18.45,2.66,2.5,6.3,2
817,Saudi Arabia,2020,35997107,30340882,5656225,17,76,18.24,2.91,2.47,6,0
818,Saudi Arabia,2021,35950396,30380961,5569435,0,77,17.47,2.86,2.43,5.7,0
819,Senegal,2017,0,0,0,79,68,34.22,5.72,4.62,33,0
820,Senegal,2018,15574909,7350111,8224798,81,68,33.96,5.58,4.58,31.9,3
821,Senegal,2019,16000781,7624852,8375929,83,69,33.47,5.41,4.52,30.9,3
822,Senegal,2020,16436120,7909390,8526730,85,68,33.03,5.58,4.45,30,3
823,Senegal,2021,16876720,8202086,8674634,0,67,32.57,5.92,4.39,29.1,3
824,Serbia,2017,0,0,0,80,76,9.2,14.8,1.49,5.1,0
825,Serbia,2018,6982604,3916682,3065922,80,76,9.2,14.6,1.49,5,1
826,Serbia,2019,6945235,3907389,3037846,79,76,9.3,14.6,1.52,4.9,1
827,Serbia,2020,6899126,3894281,3004845,79,74,8.9,16.9,1.48,4.8,1
828,Serbia,2021,6834326,3871714,2962612,0,73,9.1,20,1.48,4.7,1
829,Seychelles,2017,0,0,0,208,74,17.2,7.8,2.41,12.6,0
830,Seychelles,2018,96762,54855,41907,210,73,17.1,8.4,2.41,12.5,1
831,Seychelles,2019,97625,55762,41863,212,74,16.4,8.1,2.36,12.4,1
832,Seychelles,2020,98462,56661,41801,214,77,15.8,6.8,2.29,12.2,1
833,Seychelles,2021,99258,57542,41716,0,73,16.8,9.3,2.46,12,1
834,Sierra Leone,2017,0,0,0,106,59,33.57,9.88,4.39,87.6,0
835,Sierra Leone,2018,7861281,3306062,4555219,109,60,33.1,9.31,4.29,85.2,2
836,Sierra Leone,2019,8046828,3418614,4628214,111,60,32.55,9.07,4.19,82.8,2
837,Sierra Leone,2020,8233970,3534267,4699703,114,60,31.91,9.3,4.08,80.5,2
838,Sierra Leone,2021,8420641,3652200,4768441,0,60,31.36,9.11,3.98,78.3,2
839,Singapore,2017,0,0,0,7882,83,8.9,5,1.16,2.2,0
840,Singapore,2018,5638676,5638676,0,7897,83,8.8,5,1.14,2.1,0
841,Singapore,2019,5703569,5703569,0,7966,84,8.8,5,1.14,2,1
842,Singapore,2020,5685807,5685807,0,7919,84,8.5,5.2,1.1,1.8,0
843,Singapore,2021,5453566,5453566,0,0,83,8.6,5.8,1.12,1.7,4
844,Sint Maarten (Dutch Part),2017,0,0,0,1193,75,9,4.2,1.63,0,0
845,Sint Maarten (Dutch Part),2018,40895,40895,0,1203,75,10.1,4,1.61,0,1
846,Sint Maarten (Dutch Part),2019,41608,41608,0,1224,75,9.6,4.7,1.6,0,2
847,Sint Maarten (Dutch Part),2020,42310,42310,0,1244,75,10,5.5,1.59,0,2
848,Sint Maarten (Dutch Part),2021,42846,42846,0,0,74,10.5,6.4,1.58,0,1
849,Slovak Republic,2017,0,0,0,113,77,10.7,9.9,1.52,5,0
850,Slovak Republic,2018,5446771,2926332,2520439,113,77,10.6,10,1.54,4.9,0
851,Slovak Republic,2019,5454147,2930459,2523688,113,78,10.5,9.8,1.57,4.8,0
852,Slovak Republic,2020,5458827,2934665,2524162,114,77,10.4,10.8,1.59,4.7,0
853,Slovak Republic,2021,5447247,2931708,2515539,0,75,10.4,13.5,1.64,4.6,0
854,Slovenia,2017,0,0,0,103,81,9.8,9.9,1.62,2,0
855,Slovenia,2018,2073894,1131123,942771,103,81,9.4,9.9,1.6,1.9,0
856,Slovenia,2019,2088385,1144894,943491,104,82,9.3,9.9,1.61,1.9,1
857,Slovenia,2020,2102419,1158811,943608,104,81,8.9,11.4,1.59,1.8,1
858,Slovenia,2021,2108079,1168445,939634,0,81,9,11,1.64,1.8,0
859,Solomon Islands,2017,0,0,0,23,70,31.74,5.11,4.22,18.2,0
860,Solomon Islands,2018,659249,156565,502684,24,70,31.22,5.05,4.16,17.7,2
861,Solomon Islands,2019,674993,163416,511577,24,70,30.76,4.99,4.1,17.1,2
862,Solomon Islands,2020,691191,170517,520674,25,70,30.22,5.08,4.04,16.6,2
863,Solomon Islands,2021,707851,177869,529982,0,70,29.79,5.03,3.98,16.1,2
864,Somalia,2017,0,0,0,24,56,45.46,11.89,6.74,79.1,0
865,Somalia,2018,15411094,6930523,8480571,25,56,44.99,11.44,6.63,77.1,4
866,Somalia,2019,15981300,7280121,8701179,25,57,44.56,11.04,6.53,74.9,4
867,Somalia,2020,16537016,7630345,8906671,26,56,44.01,11.39,6.42,72.9,3
868,Somalia,2021,17065581,7974917,9090664,0,55,43.56,11.6,6.31,71.1,3
869,South Africa,2017,0,0,0,47,65,20.64,8.8,2.33,28.3,0
870,South Africa,2018,57339635,38047715,19291920,47,66,21.14,8.77,2.42,27.8,1
871,South Africa,2019,58087055,38834681,19252374,48,66,21.28,8.61,2.48,27.3,1
872,South Africa,2020,58801927,39605450,19196477,48,65,20.33,9.43,2.4,26.9,1
873,South Africa,2021,59392255,40295863,19096392,0,62,19.82,11.43,2.37,26.4,1
874,South Korea,2017,0,0,0,527,83,7,5.6,1.05,2.8,0
875,South Korea,2018,51585058,42020672,9564386,529,83,6.4,5.8,0.98,2.8,0
876,South Korea,2019,51764822,42152095,9612727,530,83,5.9,5.7,0.92,2.7,0
877,South Korea,2020,51836239,42201956,9634283,531,83,5.3,5.9,0.84,2.6,0
878,South Korea,2021,51744876,42127573,9617303,0,84,5.1,6.2,0.81,2.5,0
879,South Sudan,2017,0,0,0,17,55,32.65,11.01,4.78,63.8,0
880,South Sudan,2018,10395329,2039044,8356285,16,56,30.15,10.58,4.7,63.8,2
881,South Sudan,2019,10447666,2078981,8368685,17,56,29.06,10.53,4.62,63.8,1
882,South Sudan,2020,10606227,2142352,8463875,17,55,29.17,10.76,4.54,63.8,2
883,South Sudan,2021,10748272,2204901,8543371,0,55,29.11,11.05,4.47,63.8,1
884,Spain,2017,0,0,0,93,83,8.4,9.1,1.31,2.7,0
885,Spain,2018,46797754,37588424,9209330,94,83,7.9,9.1,1.26,2.7,0
886,Spain,2019,47134837,37974181,9160656,94,84,7.6,8.8,1.23,2.7,1
887,Spain,2020,47365655,38276186,9089469,95,82,7.2,10.4,1.19,2.6,0
888,Spain,2021,47415750,38433310,8982440,0,83,7.1,9.5,1.19,2.6,0
889,Sri Lanka,2017,0,0,0,347,75,15.17,7.03,2.05,6.8,0
890,Sri Lanka,2018,21670000,4003749,17666251,350,76,14.81,7.04,2.03,6.5,1
891,Sri Lanka,2019,21803000,4052088,17750912,352,76,14.53,7.07,2.02,6.2,1
892,Sri Lanka,2020,21919000,4101702,17817298,354,76,14.24,7.06,2,6,1
893,Sri Lanka,2021,22156000,4178622,17977378,0,76,14.02,7.36,1.99,5.8,1
894,St. Kitts And Nevis,2017,0,0,0,184,72,13.21,9.44,1.61,13.6,0
895,St. Kitts And Nevis,2018,47761,14699,33062,184,71,12.94,9.83,1.59,13.3,0
896,St. Kitts And Nevis,2019,47712,14695,33017,184,72,12.69,9.91,1.57,13,0
897,St. Kitts And Nevis,2020,47642,14694,32948,183,72,12.42,10.04,1.55,12.6,0
898,St. Kitts And Nevis,2021,47606,14713,32893,0,72,12.13,10.18,1.53,12.3,0
899,St. Lucia,2017,0,0,0,290,73,12.11,7.97,1.45,20.7,0
900,St. Lucia,2018,177888,33226,144662,292,73,11.99,7.98,1.44,21.2,0
901,St. Lucia,2019,178583,33491,145092,293,73,11.83,8.07,1.42,21.7,0
902,St. Lucia,2020,179237,33770,145467,294,73,11.67,8.21,1.41,22.1,0
903,St. Lucia,2021,179651,34026,145625,0,71,11.49,10.3,1.4,22.4,0
904,St. Martin (French Part),2017,0,0,0,690,79,17.42,4.75,2.52,0,0
905,St. Martin (French Part),2018,33852,0,0,677,81,17.02,4.18,2.52,0,2
906,St. Martin (French Part),2019,33121,0,0,662,80,16.48,4.66,2.49,0,2
907,St. Martin (French Part),2020,32553,0,0,651,80,15.77,4.79,2.45,0,2
908,St. Martin (French Part),2021,31948,0,0,0,80,15.05,4.91,2.42,0,2
909,St. Vincent And The Grenadines,2017,0,0,0,271,74,14.27,8.59,1.93,14.3,0
910,St. Vincent And The Grenadines,2018,105281,54955,50326,270,74,13.71,8.91,1.87,13.9,0
911,St. Vincent And The Grenadines,2019,104924,55205,49719,269,73,13.35,10.1,1.84,13.4,0
912,St. Vincent And The Grenadines,2020,104632,55488,49144,268,72,13.07,11.04,1.81,13,0
913,St. Vincent And The Grenadines,2021,104332,55768,48564,0,70,12.9,13.43,1.8,12.6,0
914,Sudan,2017,0,0,0,22,65,35.67,6.73,4.76,43.1,0
915,Sudan,2018,41999059,14549314,27449745,22,66,35.24,6.65,4.68,42,3
916,Sudan,2019,43232093,15103564,28128529,23,66,34.82,6.59,4.62,41,3
917,Sudan,2020,44440486,15666605,28773881,24,66,34.23,6.67,4.54,39.9,3
918,Sudan,2021,45657202,16250768,29406434,0,65,33.6,6.8,4.46,38.9,3
919,Suriname,2017,0,0,0,4,72,18.76,6.67,2.44,17.3,0
920,Suriname,2018,593715,392208,201507,4,73,18.58,6.75,2.42,16.8,1
921,Suriname,2019,600301,396769,203532,4,72,18.41,7.06,2.39,16.3,1
922,Suriname,2020,607065,401567,205498,4,73,18.28,7.04,2.37,15.8,1
923,Suriname,2021,612985,405913,207072,0,70,18.15,8.67,2.35,15.4,1
924,Sweden,2017,0,0,0,25,82,11.5,9.1,1.78,2.3,0
925,Sweden,2018,10175214,8896291,1278923,25,83,11.4,9.1,1.76,2.2,1
926,Sweden,2019,10278887,9015406,1263481,25,83,11.1,8.6,1.71,2.1,1
927,Sweden,2020,10353442,9108648,1244794,25,82,10.9,9.5,1.67,2.1,1
928,Sweden,2021,10415811,9190703,1225108,0,83,11,8.8,1.67,2,1
929,Switzerland,2017,0,0,0,214,84,10.3,7.9,1.52,3.6,0
930,Switzerland,2018,8514329,6283319,2231010,215,84,10.3,7.9,1.52,3.6,1
931,Switzerland,2019,8575280,6332759,2242521,217,84,10,7.9,1.48,3.5,1
932,Switzerland,2020,8638167,6384901,2253266,219,83,9.9,8.8,1.46,3.4,1
933,Switzerland,2021,8703405,6440172,2263233,0,84,10.3,8.2,1.52,3.4,1
934,Syrian Arab Republic,2017,0,0,0,103,68,18.57,6.03,2.94,19.1,0
935,Syrian Arab Republic,2018,19333463,10471390,8862073,105,70,18.16,5.55,2.89,19.2,2
936,Syrian Arab Republic,2019,20098251,11018062,9080189,109,72,18.88,5.03,2.84,18.8,4
937,Syrian Arab Republic,2020,20772595,11523597,9248998,113,72,19.67,4.99,2.8,18.8,3
938,Syrian Arab Republic,2021,21324367,11968088,9356279,0,72,20.11,5.12,2.75,18.4,3
939,Tajikistan,2017,0,0,0,64,70,28.93,5.17,3.29,31,0
940,Tajikistan,2018,9128132,2476827,6651305,66,70,28.69,5.01,3.29,30.2,2
941,Tajikistan,2019,9337003,2549842,6787161,67,71,28.27,4.84,3.28,29.4,2
942,Tajikistan,2020,9543207,2624955,6918252,69,68,27.53,6.12,3.24,28.5,2
943,Tajikistan,2021,9750064,2703303,7046761,0,72,26.75,4.55,3.19,27.6,2
944,Tanzania,2017,0,0,0,64,66,38.06,6.4,4.99,38.2,0
945,Tanzania,2018,58090443,19620628,38469815,66,67,37.53,6.18,4.92,36.8,3
946,Tanzania,2019,59872579,20656040,39216539,68,67,37.11,6.01,4.86,35.9,3
947,Tanzania,2020,61704518,21736651,39967867,70,66,36.65,6.18,4.8,34.9,3
948,Tanzania,2021,63588334,22862550,40725784,0,66,36.21,6.22,4.73,34.1,3
949,Thailand,2017,0,0,0,139,78,9.98,6.9,1.41,8.4,0
950,Thailand,2018,71127802,35527626,35600176,139,79,9.66,7.03,1.38,8.1,0
951,Thailand,2019,71307763,36147331,35160432,140,79,9.38,7.14,1.35,7.7,0
952,Thailand,2020,71475664,36759934,34715730,140,79,9.18,7.26,1.34,7.4,0
953,Thailand,2021,71601103,37349283,34251820,0,79,9,7.92,1.33,7.1,0
954,Timor0Leste,2017,0,0,0,84,68,26.49,7.16,3.6,48.6,0
955,Timor0Leste,2018,1261845,385847,875998,85,68,25.92,7.01,3.45,47.1,1
956,Timor0Leste,2019,1280438,396257,884181,86,68,25.51,6.89,3.34,45.7,1
957,Timor0Leste,2020,1299995,407158,892837,87,68,25.26,6.83,3.25,44.3,2
958,Timor0Leste,2021,1320942,418673,902269,0,68,24.94,7.23,3.15,43.1,2
959,Togo,2017,0,0,0,144,60,33.66,8.8,4.5,48.2,0
960,Togo,2018,8046679,3355626,4691053,148,60,33.19,8.77,4.44,46.8,2
961,Togo,2019,8243094,3482542,4760552,152,61,32.76,8.47,4.39,45.6,2
962,Togo,2020,8442580,3613424,4829156,155,61,32.3,8.42,4.32,44.5,2
963,Togo,2021,8644829,3748225,4896604,0,62,31.86,8.17,4.26,43.4,2
964,Tonga,2017,0,0,0,146,71,24.02,6.86,3.41,10.4,0
965,Tonga,2018,105150,24322,80828,146,71,23.63,6.89,3.35,10.2,0
966,Tonga,2019,104951,24251,80700,146,71,23.42,6.91,3.32,10.1,0
967,Tonga,2020,105254,24313,80941,146,71,23.14,6.95,3.27,9.8,0
968,Tonga,2021,106017,24494,81523,0,71,23.05,6.97,3.24,9.6,1
969,Trinidad And Tobago,2017,0,0,0,288,74,12.91,7.39,1.66,16.5,0
970,Trinidad And Tobago,2018,1504709,800264,704445,293,74,12.56,7.78,1.65,16,2
971,Trinidad And Tobago,2019,1519955,808418,711537,296,74,12.36,7.7,1.64,15.5,1
972,Trinidad And Tobago,2020,1518147,807867,710280,296,74,11.95,7.9,1.63,15,0
973,Trinidad And Tobago,2021,1525663,812644,713019,0,73,11.69,9.13,1.63,14.6,0
974,Tunisia,2017,0,0,0,76,76,18.4,5.97,2.22,14.7,0
975,Tunisia,2018,11933041,8227235,3705806,77,76,17.74,6.04,2.17,14.6,1
976,Tunisia,2019,12049314,8344632,3704682,78,76,17.22,6.15,2.15,14.5,1
977,Tunisia,2020,12161723,8460667,3701056,78,75,16.63,6.75,2.11,14.3,1
978,Tunisia,2021,12262946,8570328,3692618,0,74,16.09,7.88,2.09,14,1
979,Turkey,2017,0,0,0,107,77,17.37,5.13,2.14,9.8,0
980,Turkey,2018,82809304,62225395,20583909,108,78,16.48,5.07,2.05,9.2,1
981,Turkey,2019,83481684,63137198,20344486,108,78,15.59,5.08,1.97,8.6,1
982,Turkey,2020,84135428,64031267,20104161,109,76,15.03,6.38,1.92,8.1,1
983,Turkey,2021,84775404,64911679,19863725,0,76,14.68,6.4,1.89,7.7,1
984,Turkmenistan,2017,0,0,0,13,69,24.65,6.54,2.84,37.2,0
985,Turkmenistan,2018,6065066,3129150,2935916,13,69,23.85,6.64,2.79,37.2,2
986,Turkmenistan,2019,6158420,3205334,2953086,13,69,23.06,6.58,2.74,36.9,2
987,Turkmenistan,2020,6250438,3282480,2967958,13,69,22.29,6.84,2.7,36.5,1
988,Turkmenistan,2021,6341855,3361056,2980799,0,69,21.59,6.59,2.67,35.8,1
989,Turks And Caicos Islands,2017,0,0,0,42,77,13.31,7.33,1.74,4.2,0
990,Turks And Caicos Islands,2018,41487,38624,2863,44,76,13.13,7.65,1.72,4.1,4
991,Turks And Caicos Islands,2019,43080,40219,2861,45,75,12.85,8.46,1.69,4,4
992,Turks And Caicos Islands,2020,44276,41445,2831,47,75,12.69,8.82,1.68,3.9,3
993,Turks And Caicos Islands,2021,45114,42332,2782,0,75,12.48,9.24,1.67,3.8,2
994,Tuvalu,2017,0,0,0,361,64,23,10.08,3.19,20.6,0
995,Tuvalu,2018,10865,6778,4087,362,64,23.51,10.11,3.21,20,0
996,Tuvalu,2019,10956,6926,4030,365,64,23.62,10.16,3.2,19.3,1
997,Tuvalu,2020,11069,7086,3983,369,64,23.63,10.19,3.19,18.7,1
998,Tuvalu,2021,11204,7259,3945,0,65,23.48,10.16,3.16,18.1,1
999,UAE,2017,0,0,0,128,80,10.62,1.2,1.42,6.2,0
1000,UAE,2018,9140169,7908257,1231912,129,80,10.05,1.32,1.36,6,1
1001,UAE,2019,9211657,7994705,1216952,130,80,9.75,1.47,1.33,5.8,1
1002,UAE,2020,9287289,8084399,1202890,131,79,10.62,1.77,1.46,5.6,1
1003,UAE,2021,9365145,8175678,1189467,0,79,10.31,1.87,1.46,5.4,1
1004,Uganda,2017,0,0,0,200,62,38.34,6.17,5.05,36,0
1005,Uganda,2018,41515395,9869870,31645525,207,63,38.06,5.94,4.93,34.4,3
1006,Uganda,2019,42949080,10462825,32486255,214,63,37.67,5.82,4.81,33.2,3
1007,Uganda,2020,44404611,11080727,33323884,221,63,37.25,5.85,4.69,32.1,3
1008,Uganda,2021,45853778,11717016,34136762,0,63,36.8,5.88,4.59,31.2,3
1009,Ukraine,2017,0,0,0,77,72,9.4,14.5,1.37,7.6,0
1010,Ukraine,2018,44622518,30946609,13675909,77,72,8.7,14.8,1.3,7.4,0
1011,Ukraine,2019,44386203,30836427,13549776,77,72,8.1,14.7,1.23,7.3,1
1012,Ukraine,2020,44132049,30719437,13412612,76,71,7.8,15.9,1.22,7.1,1
1013,Ukraine,2021,43792855,30548582,13244273,0,70,7.3,18.5,1.16,7,1
1014,United Kingdom,2017,0,0,0,273,81,11.4,9.2,1.74,3.8,0
1015,United Kingdom,2018,66460344,55426598,11033746,275,81,11,9.2,1.68,3.8,1
1016,United Kingdom,2019,66836327,55909924,10926403,276,81,10.7,9,1.63,3.8,1
1017,United Kingdom,2020,67081234,56283168,10798066,277,80,10.1,10.1,1.56,3.7,0
1018,United Kingdom,2021,67026300,56403972,10622328,0,81,10.1,9.7,1.56,3.7,0
1019,United States,2017,0,0,0,36,79,11.8,8.64,1.77,5.7,0
1020,United States,2018,326838199,268844029,57994170,36,79,11.6,8.68,1.73,5.6,1
1021,United States,2019,328329953,270737596,57592357,36,79,11.4,8.7,1.71,5.5,0
1022,United States,2020,331511512,274040676,57470836,36,77,10.9,10.3,1.64,5.4,1
1023,United States,2021,332031554,275164510,56867044,0,76,11,10.4,1.66,5.4,0
1024,Uruguay,2017,0,0,0,20,78,12.58,9.72,1.8,6.8,0
1025,Uruguay,2018,3427042,3267136,159906,20,78,11.61,9.86,1.66,6.3,0
1026,Uruguay,2019,3428409,3271594,156815,20,78,10.82,10.06,1.55,5.8,0
1027,Uruguay,2020,3429086,3275291,153795,20,78,10.34,9.43,1.48,5.4,0
1028,Uruguay,2021,3426260,3275607,150653,0,75,10.47,12.16,1.49,5,0
1029,Uzbekistan,2017,0,0,0,74,71,22.1,5,2.42,15.2,0
1030,Uzbekistan,2018,32956100,16635580,16320520,75,71,23.3,4.7,2.6,14.4,2
1031,Uzbekistan,2019,33580350,16935578,16644772,76,71,24.3,4.6,2.79,13.8,2
1032,Uzbekistan,2020,34232050,17258430,16973620,78,70,24.6,5.1,2.9,13.2,2
1033,Uzbekistan,2021,34915100,17606637,17308463,0,71,25.9,5,3.17,12.6,2
1034,Vanuatu,2017,0,0,0,24,70,31.48,5.83,3.91,21.9,0
1035,Vanuatu,2018,297298,75139,222159,24,70,30.89,5.74,3.86,21.4,2
1036,Vanuatu,2019,304404,77300,227104,25,70,30.4,5.66,3.81,20.9,2
1037,Vanuatu,2020,311685,79558,232127,26,70,29.94,5.49,3.78,20.3,2
1038,Vanuatu,2021,319137,81907,237230,0,70,29.44,5.4,3.74,19.7,2
1039,Venezuela,2017,0,0,0,35,72,18.5,6.74,2.29,21.1,0
1040,Venezuela,2018,29825653,26308612,3517041,34,72,17.83,6.86,2.27,21.1,2
1041,Venezuela,2019,28971683,25564613,3407070,33,72,16.89,7.02,2.25,21.1,3
1042,Venezuela,2020,28490453,25151087,3339366,32,71,16.21,7.58,2.23,21.1,2
1043,Venezuela,2021,28199867,24907533,3292334,0,71,15.88,8.12,2.21,21.1,1
1044,Vietnam,2017,0,0,0,300,74,16.1,6.58,1.93,17.1,0
1045,Vietnam,2018,94914330,34092278,60822052,303,74,15.87,6.66,1.94,17,1
1046,Vietnam,2019,95776716,35081096,60695620,306,74,15.66,6.71,1.95,16.8,1
1047,Vietnam,2020,96648685,36088619,60560066,308,75,15.4,6.17,1.96,16.6,1
1048,Vietnam,2021,97468029,37088534,60379495,0,74,15.01,7.32,1.94,16.4,1
1049,Virgin Islands (U.S.),2017,0,0,0,307,79,12.8,7.7,2.08,0,0
1050,Virgin Islands (U.S.),2018,107001,102422,4579,306,80,12.6,7.9,2.06,0,0
1051,Virgin Islands (U.S.),2019,106669,102223,4446,305,80,12.3,8.2,2.05,0,0
1052,Virgin Islands (U.S.),2020,106290,101974,4316,304,80,12.1,8.4,2.03,0,0
1053,Virgin Islands (U.S.),2021,105870,101678,4192,0,80,11.8,8.6,2.01,0,0
1054,West Bank And Gaza,2017,0,0,0,740,75,30.97,3.26,3.81,14.7,0
1055,West Bank And Gaza,2018,4569087,3479999,1089088,759,75,30.13,3.32,3.71,14.1,3
1056,West Bank And Gaza,2019,4685306,3581448,1103858,778,75,29.47,3.23,3.64,13.7,3
1057,West Bank And Gaza,2020,4803269,3685020,1118249,798,74,28.8,3.49,3.57,13.2,2
1058,West Bank And Gaza,2021,4922749,3790664,1132085,0,73,28.24,3.82,3.5,12.8,2
1059,Yemen,2017,0,0,0,57,66,32.71,6.08,4.11,46,0
1060,Yemen,2018,30790513,11282260,19508253,58,65,32.31,6.63,4.04,46.6,2
1061,Yemen,2019,31546691,11758398,19788293,60,65,31.78,6.42,3.96,46.5,2
1062,Yemen,2020,32284046,12238236,20045810,61,65,31.25,6.51,3.89,45.8,2
1063,Yemen,2021,32981641,12713103,20268538,0,64,30.54,6.85,3.8,46.7,2
1064,Zambia,2017,0,0,0,23,62,36.6,6.81,4.61,44.2,0
1065,Zambia,2018,17835893,7762359,10073534,24,62,36.04,6.75,4.54,43.6,3
1066,Zambia,2019,18380477,8100644,10279833,25,63,35.46,6.57,4.45,42.4,3
1067,Zambia,2020,18927715,8447250,10480465,25,62,34.95,6.6,4.38,41.1,3
1068,Zambia,2021,19473125,8800295,10672830,0,61,34.51,6.97,4.31,40.2,3
1069,Zimbabwe,2017,0,0,0,38,61,32.52,8.27,3.71,39.5,0
1070,Zimbabwe,2018,15052184,4848158,10204026,39,61,32.07,7.97,3.66,38,2
1071,Zimbabwe,2019,15354608,4945719,10408889,40,61,31.52,8.04,3.6,37.1,2
1072,Zimbabwe,2020,15669666,5052214,10617452,41,61,31.01,8.13,3.55,36.6,2
1073,Zimbabwe,2021,15993524,5166388,10827136,0,59,30.54,9.06,3.49,35.7,2
